codon	cat	obs	ansum	anmax
Aga/Cga	0.0000e+00	2237	550710401	251496
Aga/Cga	1.0000e+00	802	196991328	251494
Aga/Cga	2.0000e+00	317	78602685	251490
Aga/Cga	3.0000e+00	165	40729345	251496
Aga/Cga	4.0000e+00	81	20092008	251490
Aga/Cga	5.0000e+00	49	12187122	251490
Aga/Cga	6.0000e+00	32	7947740	251492
Aga/Cga	7.0000e+00	33	8052229	251484
Aga/Cga	8.0000e+00	17	4211648	251402
Aga/Cga	9.0000e+00	16	3895095	251412
Aga/Cga	1.0000e+01	13	3216226	251436
Aga/Cga	1.1000e+01	6	1485214	251438
Aga/Cga	1.2000e+01	7	1665130	251464
Aga/Cga	1.3000e+01	4	992086	251452
Aga/Cga	1.4000e+01	5	1254814	251442
Aga/Cga	1.5000e+01	1	249540	249540
Aga/Cga	1.6000e+01	7	1744140	251212
Aga/Cga	1.7000e+01	11	2753184	251478
Agg/Cgg	0.0000e+00	2557	628722170	251496
Agg/Cgg	1.0000e+00	834	204917263	251496
Agg/Cgg	2.0000e+00	297	73060287	251496
Agg/Cgg	3.0000e+00	188	46364957	251492
Agg/Cgg	4.0000e+00	88	21797204	251488
Agg/Cgg	5.0000e+00	62	15146063	251488
Agg/Cgg	6.0000e+00	40	9786179	251496
Agg/Cgg	7.0000e+00	22	5389728	251492
Agg/Cgg	8.0000e+00	20	4919174	251484
Agg/Cgg	9.0000e+00	16	3897274	251474
Agg/Cgg	1.0000e+01	10	2460256	251112
Agg/Cgg	1.1000e+01	6	1492036	251466
Agg/Cgg	1.2000e+01	6	1490258	251286
Agg/Cgg	1.3000e+01	3	646570	233968
Agg/Cgg	1.4000e+01	6	1494328	251364
Agg/Cgg	1.5000e+01	10	2420562	251360
Agg/Cgg	1.6000e+01	13	3195490	251272
Agg/Cgg	1.7000e+01	17	4204210	251442
Cga/Aga	0.0000e+00	3647	898081724	251496
Cga/Aga	1.0000e+00	1436	351529901	251496
Cga/Aga	2.0000e+00	587	144290521	251496
Cga/Aga	3.0000e+00	279	68658753	251496
Cga/Aga	4.0000e+00	147	36110727	251492
Cga/Aga	5.0000e+00	84	20533654	251492
Cga/Aga	6.0000e+00	72	17722507	251490
Cga/Aga	7.0000e+00	52	12750630	251492
Cga/Aga	8.0000e+00	44	10830227	251494
Cga/Aga	9.0000e+00	21	5252336	251464
Cga/Aga	1.0000e+01	18	4454590	251464
Cga/Aga	1.1000e+01	6	1504838	251374
Cga/Aga	1.2000e+01	7	1751700	251496
Cga/Aga	1.3000e+01	10	2445340	251374
Cga/Aga	1.4000e+01	6	1488428	251456
Cga/Aga	1.5000e+01	8	1966882	251396
Cga/Aga	1.6000e+01	8	1962216	251170
Cga/Aga	1.7000e+01	6	1437952	251480
Cgg/Agg	0.0000e+00	6194	1518158657	251496
Cgg/Agg	1.0000e+00	2550	623153851	251496
Cgg/Agg	2.0000e+00	1017	247991298	251496
Cgg/Agg	3.0000e+00	491	120116955	251492
Cgg/Agg	4.0000e+00	255	62249628	251496
Cgg/Agg	5.0000e+00	181	44305454	251488
Cgg/Agg	6.0000e+00	103	25181482	251484
Cgg/Agg	7.0000e+00	75	18174194	251494
Cgg/Agg	8.0000e+00	53	12956407	251494
Cgg/Agg	9.0000e+00	37	9166292	251490
Cgg/Agg	1.0000e+01	24	5893170	251484
Cgg/Agg	1.1000e+01	18	4257970	251482
Cgg/Agg	1.2000e+01	10	2493566	251384
Cgg/Agg	1.3000e+01	16	3931250	251430
Cgg/Agg	1.4000e+01	14	3370215	251488
Cgg/Agg	1.5000e+01	11	2650660	251470
Cgg/Agg	1.6000e+01	15	3703050	251400
Cgg/Agg	1.7000e+01	12	2980944	251428
Cta/Tta	0.0000e+00	5791	1423343683	251496
Cta/Tta	1.0000e+00	2219	545490042	251496
Cta/Tta	2.0000e+00	941	231273765	251496
Cta/Tta	3.0000e+00	484	118993079	251494
Cta/Tta	4.0000e+00	256	62842931	251492
Cta/Tta	5.0000e+00	155	38174570	251492
Cta/Tta	6.0000e+00	125	30511887	251494
Cta/Tta	7.0000e+00	55	13646380	251494
Cta/Tta	8.0000e+00	61	15178775	251492
Cta/Tta	9.0000e+00	50	12314913	251480
Cta/Tta	1.0000e+01	31	7662430	251492
Cta/Tta	1.1000e+01	19	4645758	251458
Cta/Tta	1.2000e+01	13	3252942	251482
Cta/Tta	1.3000e+01	16	3954806	251466
Cta/Tta	1.4000e+01	10	2472272	251478
Cta/Tta	1.5000e+01	17	4208966	251444
Cta/Tta	1.6000e+01	16	3930218	251416
Cta/Tta	1.7000e+01	8	2005444	251388
Ctg/Ttg	0.0000e+00	30690	7529196317	251496
Ctg/Ttg	1.0000e+00	12257	3001907772	251496
Ctg/Ttg	2.0000e+00	5068	1241761732	251496
Ctg/Ttg	3.0000e+00	2507	616229261	251496
Ctg/Ttg	4.0000e+00	1392	341546971	251496
Ctg/Ttg	5.0000e+00	878	215313087	251496
Ctg/Ttg	6.0000e+00	553	135466494	251494
Ctg/Ttg	7.0000e+00	419	103004062	251496
Ctg/Ttg	8.0000e+00	292	72065522	251488
Ctg/Ttg	9.0000e+00	245	60166261	251490
Ctg/Ttg	1.0000e+01	166	41033067	251490
Ctg/Ttg	1.1000e+01	89	22042276	251494
Ctg/Ttg	1.2000e+01	55	13551110	251476
Ctg/Ttg	1.3000e+01	55	13427931	251480
Ctg/Ttg	1.4000e+01	58	14234684	251494
Ctg/Ttg	1.5000e+01	70	16958320	251486
Ctg/Ttg	1.6000e+01	52	12778852	251478
Ctg/Ttg	1.7000e+01	58	14285908	251472
Tta/Cta	0.0000e+00	3300	811101120	251496
Tta/Cta	1.0000e+00	1189	291801783	251496
Tta/Cta	2.0000e+00	497	122082423	251494
Tta/Cta	3.0000e+00	255	62881038	251494
Tta/Cta	4.0000e+00	145	35413325	251480
Tta/Cta	5.0000e+00	85	21162180	251494
Tta/Cta	6.0000e+00	51	12438259	251468
Tta/Cta	7.0000e+00	34	8378336	251480
Tta/Cta	8.0000e+00	26	6444660	251474
Tta/Cta	9.0000e+00	22	5422394	251474
Tta/Cta	1.0000e+01	17	4129997	251484
Tta/Cta	1.1000e+01	6	1499492	251334
Tta/Cta	1.2000e+01	11	2674084	251416
Tta/Cta	1.3000e+01	4	897720	250592
Tta/Cta	1.4000e+01	4	1002086	251456
Tta/Cta	1.5000e+01	6	1476938	251492
Tta/Cta	1.6000e+01	14	3383190	251472
Tta/Cta	1.7000e+01	19	4644206	251490
Ttg/Ctg	0.0000e+00	10709	2637106097	251496
Ttg/Ctg	1.0000e+00	5013	1234265626	251496
Ttg/Ctg	2.0000e+00	2406	592236648	251496
Ttg/Ctg	3.0000e+00	1246	307607350	251496
Ttg/Ctg	4.0000e+00	693	171072601	251494
Ttg/Ctg	5.0000e+00	400	98792414	251496
Ttg/Ctg	6.0000e+00	249	61422463	251496
Ttg/Ctg	7.0000e+00	154	38237023	251492
Ttg/Ctg	8.0000e+00	141	34763583	251494
Ttg/Ctg	9.0000e+00	117	28816642	251496
Ttg/Ctg	1.0000e+01	65	15966443	251484
Ttg/Ctg	1.1000e+01	51	12550935	251490
Ttg/Ctg	1.2000e+01	23	5729260	251492
Ttg/Ctg	1.3000e+01	26	6479820	251490
Ttg/Ctg	1.4000e+01	33	8063668	251468
Ttg/Ctg	1.5000e+01	53	13018690	251490
Ttg/Ctg	1.6000e+01	58	14154104	251416
Ttg/Ctg	1.7000e+01	68	16701677	251466
aaA/aaG	0.0000e+00	14853	3655410672	251496
aaA/aaG	1.0000e+00	5307	1304978351	251496
aaA/aaG	2.0000e+00	2292	563962029	251496
aaA/aaG	3.0000e+00	1191	293140054	251496
aaA/aaG	4.0000e+00	647	159152165	251496
aaA/aaG	5.0000e+00	404	99201194	251494
aaA/aaG	6.0000e+00	282	69570891	251494
aaA/aaG	7.0000e+00	178	43854579	251496
aaA/aaG	8.0000e+00	134	33157262	251496
aaA/aaG	9.0000e+00	103	25544412	251490
aaA/aaG	1.0000e+01	69	16858175	251492
aaA/aaG	1.1000e+01	47	11478809	251492
aaA/aaG	1.2000e+01	54	13124080	251486
aaA/aaG	1.3000e+01	26	6335174	251492
aaA/aaG	1.4000e+01	43	10576855	251442
aaA/aaG	1.5000e+01	40	9699111	251460
aaA/aaG	1.6000e+01	54	13295254	251442
aaA/aaG	1.7000e+01	54	13303642	251478
aaC/aaT	0.0000e+00	19325	4752585257	251496
aaC/aaT	1.0000e+00	10523	2587789072	251496
aaC/aaT	2.0000e+00	7487	1844848574	251496
aaC/aaT	3.0000e+00	5015	1236428496	251496
aaC/aaT	4.0000e+00	2778	685405575	251496
aaC/aaT	5.0000e+00	1586	391371721	251496
aaC/aaT	6.0000e+00	967	238826443	251496
aaC/aaT	7.0000e+00	698	172373836	251496
aaC/aaT	8.0000e+00	492	121320486	251496
aaC/aaT	9.0000e+00	386	95588539	251496
aaC/aaT	1.0000e+01	233	57602217	251496
aaC/aaT	1.1000e+01	151	37161821	251494
aaC/aaT	1.2000e+01	100	24540804	251492
aaC/aaT	1.3000e+01	100	24798111	251494
aaC/aaT	1.4000e+01	87	21428183	251496
aaC/aaT	1.5000e+01	106	26053927	251486
aaC/aaT	1.6000e+01	99	24370459	251486
aaC/aaT	1.7000e+01	79	19619962	251466
aaG/aaA	0.0000e+00	27455	6751397395	251496
aaG/aaA	1.0000e+00	10948	2694635298	251496
aaG/aaA	2.0000e+00	4743	1166240058	251496
aaG/aaA	3.0000e+00	2410	592343099	251496
aaG/aaA	4.0000e+00	1390	341376775	251496
aaG/aaA	5.0000e+00	777	190527474	251496
aaG/aaA	6.0000e+00	519	127266598	251494
aaG/aaA	7.0000e+00	349	85531337	251494
aaG/aaA	8.0000e+00	307	75562369	251496
aaG/aaA	9.0000e+00	218	53984522	251496
aaG/aaA	1.0000e+01	150	36912198	251494
aaG/aaA	1.1000e+01	103	25323584	251496
aaG/aaA	1.2000e+01	65	16004446	251492
aaG/aaA	1.3000e+01	53	12855371	251484
aaG/aaA	1.4000e+01	62	15154096	251484
aaG/aaA	1.5000e+01	69	17047456	251472
aaG/aaA	1.6000e+01	56	13748288	251476
aaG/aaA	1.7000e+01	42	10416144	251456
aaT/aaC	0.0000e+00	14088	3467408525	251496
aaT/aaC	1.0000e+00	5798	1429438956	251496
aaT/aaC	2.0000e+00	2591	638335450	251496
aaT/aaC	3.0000e+00	1234	303957753	251496
aaT/aaC	4.0000e+00	745	184011882	251494
aaT/aaC	5.0000e+00	431	106254809	251496
aaT/aaC	6.0000e+00	304	75349071	251496
aaT/aaC	7.0000e+00	205	50571977	251496
aaT/aaC	8.0000e+00	159	39057592	251496
aaT/aaC	9.0000e+00	129	31769619	251490
aaT/aaC	1.0000e+01	86	20983196	251496
aaT/aaC	1.1000e+01	69	17056921	251494
aaT/aaC	1.2000e+01	37	9041473	251470
aaT/aaC	1.3000e+01	32	7914377	251450
aaT/aaC	1.4000e+01	44	10786146	251476
aaT/aaC	1.5000e+01	55	13467958	251464
aaT/aaC	1.6000e+01	80	19554872	251486
aaT/aaC	1.7000e+01	107	26481517	251488
acA/acC	0.0000e+00	4366	1077172517	251496
acA/acC	1.0000e+00	1444	354546126	251496
acA/acC	2.0000e+00	644	159211846	251496
acA/acC	3.0000e+00	330	81589808	251494
acA/acC	4.0000e+00	180	44350182	251484
acA/acC	5.0000e+00	111	27340105	251494
acA/acC	6.0000e+00	88	21368775	251490
acA/acC	7.0000e+00	65	15703072	251464
acA/acC	8.0000e+00	40	9796574	251492
acA/acC	9.0000e+00	33	8118542	251454
acA/acC	1.0000e+01	24	5928506	251482
acA/acC	1.1000e+01	17	4137242	251364
acA/acC	1.2000e+01	18	4320978	251442
acA/acC	1.3000e+01	12	2807981	251240
acA/acC	1.4000e+01	15	3652828	251464
acA/acC	1.5000e+01	11	2726132	251484
acA/acC	1.6000e+01	15	3744620	251424
acA/acC	1.7000e+01	18	4412828	251470
acA/acG	0.0000e+00	14508	3574378558	251496
acA/acG	1.0000e+00	6216	1531851582	251496
acA/acG	2.0000e+00	2698	666643191	251496
acA/acG	3.0000e+00	1412	348189732	251496
acA/acG	4.0000e+00	737	181339212	251496
acA/acG	5.0000e+00	454	111796704	251496
acA/acG	6.0000e+00	277	68185976	251494
acA/acG	7.0000e+00	238	58617839	251490
acA/acG	8.0000e+00	147	36328376	251494
acA/acG	9.0000e+00	137	33749796	251486
acA/acG	1.0000e+01	98	24122687	251494
acA/acG	1.1000e+01	66	15914380	251496
acA/acG	1.2000e+01	44	10668648	251462
acA/acG	1.3000e+01	34	8305562	251496
acA/acG	1.4000e+01	66	16184972	251480
acA/acG	1.5000e+01	58	14235505	251472
acA/acG	1.6000e+01	80	19632826	251460
acA/acG	1.7000e+01	113	28006736	251488
acA/acT	0.0000e+00	3249	800439849	251496
acA/acT	1.0000e+00	1082	266337630	251496
acA/acT	2.0000e+00	425	105106700	251494
acA/acT	3.0000e+00	250	61653208	251494
acA/acT	4.0000e+00	124	30613176	251492
acA/acT	5.0000e+00	65	15909487	251494
acA/acT	6.0000e+00	54	13364492	251490
acA/acT	7.0000e+00	37	9199274	251496
acA/acT	8.0000e+00	21	5169504	251446
acA/acT	9.0000e+00	20	4862064	251486
acA/acT	1.0000e+01	17	4252754	251492
acA/acT	1.1000e+01	6	1493354	251494
acA/acT	1.2000e+01	6	1501982	251466
acA/acT	1.3000e+01	5	1209858	251460
acA/acT	1.4000e+01	8	1997812	251490
acA/acT	1.5000e+01	4	978290	250598
acA/acT	1.6000e+01	8	1945690	251312
acA/acT	1.7000e+01	7	1745184	251460
acC/acA	0.0000e+00	7351	1808133474	251496
acC/acA	1.0000e+00	2719	666101239	251496
acC/acA	2.0000e+00	1138	278999810	251494
acC/acA	3.0000e+00	589	144476797	251496
acC/acA	4.0000e+00	310	75851705	251496
acC/acA	5.0000e+00	168	41137116	251492
acC/acA	6.0000e+00	116	28488724	251488
acC/acA	7.0000e+00	82	20162490	251492
acC/acA	8.0000e+00	50	12324786	251494
acC/acA	9.0000e+00	37	9140074	251484
acC/acA	1.0000e+01	40	9769615	251490
acC/acA	1.1000e+01	18	4394726	251488
acC/acA	1.2000e+01	14	3505750	251480
acC/acA	1.3000e+01	16	3915690	251332
acC/acA	1.4000e+01	13	3141406	251478
acC/acA	1.5000e+01	14	3442184	251348
acC/acA	1.6000e+01	21	4965807	251460
acC/acA	1.7000e+01	10	2421540	251444
acC/acG	0.0000e+00	9473	2329724641	251496
acC/acG	1.0000e+00	3367	827768567	251496
acC/acG	2.0000e+00	1440	353224067	251496
acC/acG	3.0000e+00	724	178094419	251496
acC/acG	4.0000e+00	410	100994624	251494
acC/acG	5.0000e+00	244	60084860	251494
acC/acG	6.0000e+00	181	44742416	251496
acC/acG	7.0000e+00	116	28285641	251486
acC/acG	8.0000e+00	68	16642927	251494
acC/acG	9.0000e+00	52	12983688	251466
acC/acG	1.0000e+01	36	8882180	251482
acC/acG	1.1000e+01	31	7654744	251488
acC/acG	1.2000e+01	14	3499944	251488
acC/acG	1.3000e+01	17	4239222	251454
acC/acG	1.4000e+01	13	3212032	251424
acC/acG	1.5000e+01	16	3851227	251422
acC/acG	1.6000e+01	19	4594764	251466
acC/acG	1.7000e+01	15	3737722	251488
acC/acT	0.0000e+00	18453	4528362027	251496
acC/acT	1.0000e+00	9851	2417976306	251496
acC/acT	2.0000e+00	6691	1643164941	251496
acC/acT	3.0000e+00	4209	1036028939	251496
acC/acT	4.0000e+00	2494	614946574	251496
acC/acT	5.0000e+00	1364	335781197	251496
acC/acT	6.0000e+00	827	203513566	251496
acC/acT	7.0000e+00	555	136688418	251494
acC/acT	8.0000e+00	429	105101458	251496
acC/acT	9.0000e+00	328	81133111	251494
acC/acT	1.0000e+01	192	47090291	251492
acC/acT	1.1000e+01	124	30562030	251490
acC/acT	1.2000e+01	89	21821351	251490
acC/acT	1.3000e+01	81	19702816	251460
acC/acT	1.4000e+01	88	21610195	251482
acC/acT	1.5000e+01	82	20275213	251464
acC/acT	1.6000e+01	71	17333054	251448
acC/acT	1.7000e+01	50	12403766	251478
acG/acA	0.0000e+00	6614	1612356688	251496
acG/acA	1.0000e+00	10010	2452212951	251496
acG/acA	2.0000e+00	10221	2512955010	251496
acG/acA	3.0000e+00	6640	1637232250	251496
acG/acA	4.0000e+00	3575	881760143	251496
acG/acA	5.0000e+00	1955	481931142	251496
acG/acA	6.0000e+00	1166	287068329	251496
acG/acA	7.0000e+00	759	186716539	251496
acG/acA	8.0000e+00	626	153971614	251496
acG/acA	9.0000e+00	474	116798960	251496
acG/acA	1.0000e+01	299	73582297	251494
acG/acA	1.1000e+01	163	40261050	251494
acG/acA	1.2000e+01	118	29081426	251492
acG/acA	1.3000e+01	118	29257621	251488
acG/acA	1.4000e+01	112	27588312	251492
acG/acA	1.5000e+01	110	26792937	251474
acG/acA	1.6000e+01	105	26017268	251492
acG/acA	1.7000e+01	76	18787390	251470
acG/acC	0.0000e+00	3394	832462998	251496
acG/acC	1.0000e+00	1370	335854433	251496
acG/acC	2.0000e+00	557	136532103	251494
acG/acC	3.0000e+00	289	70501456	251494
acG/acC	4.0000e+00	160	39118206	251492
acG/acC	5.0000e+00	101	24834730	251478
acG/acC	6.0000e+00	63	15412248	251488
acG/acC	7.0000e+00	52	12648552	251478
acG/acC	8.0000e+00	33	8078786	251492
acG/acC	9.0000e+00	35	8525331	251486
acG/acC	1.0000e+01	27	6624646	251482
acG/acC	1.1000e+01	15	3695120	251352
acG/acC	1.2000e+01	5	1247834	251488
acG/acC	1.3000e+01	10	2481756	251378
acG/acC	1.4000e+01	18	4419714	251424
acG/acC	1.5000e+01	12	2862330	251246
acG/acC	1.6000e+01	13	3139202	251412
acG/acC	1.7000e+01	18	4418088	251476
acG/acT	0.0000e+00	3992	981159580	251496
acG/acT	1.0000e+00	1753	428652795	251496
acG/acT	2.0000e+00	678	166740225	251496
acG/acT	3.0000e+00	332	81343752	251494
acG/acT	4.0000e+00	158	38342211	251492
acG/acT	5.0000e+00	102	25217040	251486
acG/acT	6.0000e+00	73	17821831	251492
acG/acT	7.0000e+00	62	15052645	251492
acG/acT	8.0000e+00	50	12329836	251486
acG/acT	9.0000e+00	29	7147968	251438
acG/acT	1.0000e+01	27	6565100	251478
acG/acT	1.1000e+01	12	2895002	251484
acG/acT	1.2000e+01	7	1698524	251322
acG/acT	1.3000e+01	11	2735064	251484
acG/acT	1.4000e+01	11	2588255	251466
acG/acT	1.5000e+01	8	1940428	251394
acG/acT	1.6000e+01	10	2387822	251366
acG/acT	1.7000e+01	8	1926571	251270
acT/acA	0.0000e+00	2846	700066980	251496
acT/acA	1.0000e+00	935	230465376	251496
acT/acA	2.0000e+00	395	97310057	251492
acT/acA	3.0000e+00	158	38999363	251496
acT/acA	4.0000e+00	93	22837008	251488
acT/acA	5.0000e+00	84	20679210	251494
acT/acA	6.0000e+00	44	10659846	251492
acT/acA	7.0000e+00	32	7783798	251458
acT/acA	8.0000e+00	21	5199956	251494
acT/acA	9.0000e+00	18	4342104	251472
acT/acA	1.0000e+01	10	2413650	251426
acT/acA	1.1000e+01	8	1994744	251382
acT/acA	1.2000e+01	5	1250734	251432
acT/acA	1.3000e+01	2	500970	251492
acT/acA	1.4000e+01	3	750726	251474
acT/acA	1.5000e+01	6	1506968	251368
acT/acA	1.6000e+01	4	1002818	251376
acT/acA	1.7000e+01	8	1906247	251460
acT/acC	0.0000e+00	9380	2310408439	251496
acT/acC	1.0000e+00	3501	861776412	251496
acT/acC	2.0000e+00	1395	343635222	251496
acT/acC	3.0000e+00	696	171277232	251494
acT/acC	4.0000e+00	429	104964465	251494
acT/acC	5.0000e+00	245	60505567	251488
acT/acC	6.0000e+00	161	39439527	251496
acT/acC	7.0000e+00	115	28351499	251492
acT/acC	8.0000e+00	92	22547970	251488
acT/acC	9.0000e+00	65	15895499	251478
acT/acC	1.0000e+01	52	12867588	251478
acT/acC	1.1000e+01	23	5653890	251480
acT/acC	1.2000e+01	26	6364698	251496
acT/acC	1.3000e+01	18	4332409	251444
acT/acC	1.4000e+01	25	6060044	251342
acT/acC	1.5000e+01	37	9167094	251438
acT/acC	1.6000e+01	50	12118868	251468
acT/acC	1.7000e+01	102	25133981	251486
acT/acG	0.0000e+00	4224	1041331534	251496
acT/acG	1.0000e+00	1404	345813986	251496
acT/acG	2.0000e+00	532	130273561	251494
acT/acG	3.0000e+00	270	66234617	251496
acT/acG	4.0000e+00	189	46218845	251486
acT/acG	5.0000e+00	97	24021004	251496
acT/acG	6.0000e+00	58	14189416	251470
acT/acG	7.0000e+00	42	10341757	251486
acT/acG	8.0000e+00	28	6844883	251466
acT/acG	9.0000e+00	28	7011208	251444
acT/acG	1.0000e+01	14	3495940	251478
acT/acG	1.1000e+01	13	3258110	251496
acT/acG	1.2000e+01	9	2177879	251488
acT/acG	1.3000e+01	5	1237992	251144
acT/acG	1.4000e+01	11	2748172	251470
acT/acG	1.5000e+01	5	1253722	251402
acT/acG	1.6000e+01	9	2226890	251482
acT/acG	1.7000e+01	10	2481802	251492
agA/agG	0.0000e+00	6798	1671009947	251496
agA/agG	1.0000e+00	2410	592457468	251496
agA/agG	2.0000e+00	1068	262432041	251496
agA/agG	3.0000e+00	571	140533579	251496
agA/agG	4.0000e+00	247	60790743	251494
agA/agG	5.0000e+00	166	40721059	251492
agA/agG	6.0000e+00	97	23849257	251492
agA/agG	7.0000e+00	73	17979803	251494
agA/agG	8.0000e+00	43	10495731	251488
agA/agG	9.0000e+00	48	11845487	251482
agA/agG	1.0000e+01	36	8695137	251474
agA/agG	1.1000e+01	15	3737668	251494
agA/agG	1.2000e+01	17	4083962	251490
agA/agG	1.3000e+01	12	2997460	251494
agA/agG	1.4000e+01	16	3841781	251458
agA/agG	1.5000e+01	18	4468620	251344
agA/agG	1.6000e+01	19	4633256	251420
agA/agG	1.7000e+01	30	7432832	251490
agC/agT	0.0000e+00	17317	4239603412	251496
agC/agT	1.0000e+00	9769	2388248837	251496
agC/agT	2.0000e+00	6413	1570630288	251496
agC/agT	3.0000e+00	4086	1004078023	251494
agC/agT	4.0000e+00	2211	543076586	251496
agC/agT	5.0000e+00	1193	292384684	251494
agC/agT	6.0000e+00	727	178158911	251496
agC/agT	7.0000e+00	556	136116375	251494
agC/agT	8.0000e+00	400	97788674	251490
agC/agT	9.0000e+00	264	64526410	251494
agC/agT	1.0000e+01	189	46406151	251494
agC/agT	1.1000e+01	107	26368458	251496
agC/agT	1.2000e+01	99	24154683	251488
agC/agT	1.3000e+01	58	14206623	251474
agC/agT	1.4000e+01	59	14307606	251482
agC/agT	1.5000e+01	84	20537992	251492
agC/agT	1.6000e+01	75	18501736	251468
agC/agT	1.7000e+01	41	10161458	251390
agG/agA	0.0000e+00	11081	2720764076	251496
agG/agA	1.0000e+00	4616	1133793397	251496
agG/agA	2.0000e+00	1932	475363043	251496
agG/agA	3.0000e+00	1048	257470833	251494
agG/agA	4.0000e+00	575	142003048	251496
agG/agA	5.0000e+00	344	84540166	251494
agG/agA	6.0000e+00	212	52373304	251492
agG/agA	7.0000e+00	182	44893352	251492
agG/agA	8.0000e+00	128	31331579	251496
agG/agA	9.0000e+00	88	21478137	251496
agG/agA	1.0000e+01	91	22406459	251484
agG/agA	1.1000e+01	50	12277910	251496
agG/agA	1.2000e+01	34	8360148	251482
agG/agA	1.3000e+01	29	7088311	251450
agG/agA	1.4000e+01	32	7789289	251472
agG/agA	1.5000e+01	34	8409504	251418
agG/agA	1.6000e+01	27	6566720	251452
agG/agA	1.7000e+01	22	5466752	251466
agT/agC	0.0000e+00	8255	2031708249	251496
agT/agC	1.0000e+00	2976	733607270	251496
agT/agC	2.0000e+00	1231	302902400	251496
agT/agC	3.0000e+00	640	157946990	251496
agT/agC	4.0000e+00	372	91232232	251494
agT/agC	5.0000e+00	241	59528987	251496
agT/agC	6.0000e+00	139	34290956	251494
agT/agC	7.0000e+00	102	25304409	251492
agT/agC	8.0000e+00	76	18739368	251494
agT/agC	9.0000e+00	55	13549914	251496
agT/agC	1.0000e+01	39	9592238	251482
agT/agC	1.1000e+01	25	6122439	251458
agT/agC	1.2000e+01	27	6582474	251494
agT/agC	1.3000e+01	25	6093355	251494
agT/agC	1.4000e+01	16	3929362	251384
agT/agC	1.5000e+01	29	7159234	251454
agT/agC	1.6000e+01	61	14673446	251458
agT/agC	1.7000e+01	65	16000340	251488
atA/atC	0.0000e+00	1107	272092677	251496
atA/atC	1.0000e+00	318	78065295	251494
atA/atC	2.0000e+00	148	36185094	251492
atA/atC	3.0000e+00	60	14653602	251484
atA/atC	4.0000e+00	47	11580487	251494
atA/atC	5.0000e+00	28	6862160	251476
atA/atC	6.0000e+00	24	5956002	251482
atA/atC	7.0000e+00	15	3738798	251436
atA/atC	8.0000e+00	10	2416384	251452
atA/atC	9.0000e+00	9	2244182	251452
atA/atC	1.0000e+01	6	1466652	251446
atA/atC	1.1000e+01	7	1721596	251438
atA/atC	1.2000e+01	3	737302	251092
atA/atC	1.3000e+01	6	1477066	251412
atA/atC	1.4000e+01	2	501126	251374
atA/atC	1.5000e+01	3	753484	251378
atA/atC	1.6000e+01	12	2920072	251466
atA/atC	1.7000e+01	15	3641562	251474
atA/atT	0.0000e+00	1316	323543392	251496
atA/atT	1.0000e+00	387	94708368	251496
atA/atT	2.0000e+00	170	42141245	251494
atA/atT	3.0000e+00	83	20402692	251492
atA/atT	4.0000e+00	38	9134905	251482
atA/atT	5.0000e+00	33	8096429	251492
atA/atT	6.0000e+00	25	6019229	251474
atA/atT	7.0000e+00	12	2996764	251494
atA/atT	8.0000e+00	9	2207308	251492
atA/atT	9.0000e+00	10	2460436	251434
atA/atT	1.0000e+01	4	1002894	251494
atA/atT	1.1000e+01	2	502536	251386
atA/atT	1.2000e+01	1	250152	250152
atA/atT	1.3000e+01	2	502880	251442
atA/atT	1.4000e+01	1	248148	248148
atA/atT	1.6000e+01	2	501460	250862
atA/atT	1.7000e+01	3	728784	249472
atC/atA	0.0000e+00	8282	2038831138	251496
atC/atA	1.0000e+00	3054	750805842	251496
atC/atA	2.0000e+00	1256	308841509	251496
atC/atA	3.0000e+00	644	159020188	251496
atC/atA	4.0000e+00	392	96831932	251496
atC/atA	5.0000e+00	202	50091783	251496
atC/atA	6.0000e+00	139	34234612	251492
atC/atA	7.0000e+00	93	22988808	251494
atC/atA	8.0000e+00	72	17769317	251496
atC/atA	9.0000e+00	54	13375743	251492
atC/atA	1.0000e+01	37	9042998	251460
atC/atA	1.1000e+01	23	5686316	251486
atC/atA	1.2000e+01	15	3700996	251422
atC/atA	1.3000e+01	14	3500250	251424
atC/atA	1.4000e+01	17	4066256	251480
atC/atA	1.5000e+01	13	3246978	251408
atC/atA	1.6000e+01	15	3608230	251428
atC/atA	1.7000e+01	8	1957296	251492
atC/atT	0.0000e+00	17382	4281643674	251496
atC/atT	1.0000e+00	10527	2590906456	251496
atC/atT	2.0000e+00	7247	1788604837	251496
atC/atT	3.0000e+00	4174	1029868251	251496
atC/atT	4.0000e+00	2208	544941207	251496
atC/atT	5.0000e+00	1204	296309822	251496
atC/atT	6.0000e+00	760	187374683	251496
atC/atT	7.0000e+00	509	125704711	251496
atC/atT	8.0000e+00	361	88890695	251494
atC/atT	9.0000e+00	302	74891253	251496
atC/atT	1.0000e+01	171	42265075	251490
atC/atT	1.1000e+01	95	23319470	251496
atC/atT	1.2000e+01	85	21042286	251496
atC/atT	1.3000e+01	77	18998679	251478
atC/atT	1.4000e+01	72	17742513	251484
atC/atT	1.5000e+01	72	17776400	251486
atC/atT	1.6000e+01	66	16338881	251468
atC/atT	1.7000e+01	48	11957494	251484
atT/atA	0.0000e+00	2931	722959266	251496
atT/atA	1.0000e+00	889	219234195	251496
atT/atA	2.0000e+00	374	91943137	251496
atT/atA	3.0000e+00	189	46871487	251492
atT/atA	4.0000e+00	119	29319657	251496
atT/atA	5.0000e+00	54	13429982	251488
atT/atA	6.0000e+00	50	12291188	251476
atT/atA	7.0000e+00	35	8430384	251496
atT/atA	8.0000e+00	22	5476608	251496
atT/atA	9.0000e+00	17	4162197	251328
atT/atA	1.0000e+01	8	1979240	251478
atT/atA	1.1000e+01	9	2232912	251370
atT/atA	1.2000e+01	5	1251034	251342
atT/atA	1.3000e+01	4	973470	250632
atT/atA	1.4000e+01	5	1248732	251288
atT/atA	1.5000e+01	2	491030	248910
atT/atA	1.6000e+01	4	977090	251386
atT/atA	1.7000e+01	5	1253334	251428
atT/atC	0.0000e+00	7409	1827689570	251496
atT/atC	1.0000e+00	2625	646992124	251496
atT/atC	2.0000e+00	1109	273990131	251496
atT/atC	3.0000e+00	557	136801220	251496
atT/atC	4.0000e+00	300	73733566	251496
atT/atC	5.0000e+00	170	42168940	251490
atT/atC	6.0000e+00	119	29583627	251494
atT/atC	7.0000e+00	99	24345027	251492
atT/atC	8.0000e+00	67	16550178	251494
atT/atC	9.0000e+00	53	13048019	251488
atT/atC	1.0000e+01	42	10388210	251490
atT/atC	1.1000e+01	29	7158128	251492
atT/atC	1.2000e+01	34	8428160	251484
atT/atC	1.3000e+01	28	6884904	251492
atT/atC	1.4000e+01	27	6737862	251438
atT/atC	1.5000e+01	26	6328842	251474
atT/atC	1.6000e+01	38	9377858	251490
atT/atC	1.7000e+01	79	19612068	251486
caA/caG	0.0000e+00	13325	3274156130	251496
caA/caG	1.0000e+00	6928	1705960001	251496
caA/caG	2.0000e+00	3468	852516795	251496
caA/caG	3.0000e+00	1845	454076125	251496
caA/caG	4.0000e+00	1037	255805407	251494
caA/caG	5.0000e+00	622	153079882	251494
caA/caG	6.0000e+00	371	91465736	251496
caA/caG	7.0000e+00	276	67882427	251494
caA/caG	8.0000e+00	224	55223713	251496
caA/caG	9.0000e+00	152	37489088	251490
caA/caG	1.0000e+01	106	26269716	251490
caA/caG	1.1000e+01	88	21590609	251494
caA/caG	1.2000e+01	49	12048315	251486
caA/caG	1.3000e+01	53	12664226	251486
caA/caG	1.4000e+01	45	11051116	251492
caA/caG	1.5000e+01	58	14326506	251460
caA/caG	1.6000e+01	59	14568420	251478
caA/caG	1.7000e+01	74	18335164	251484
caC/caT	0.0000e+00	16313	4007513823	251496
caC/caT	1.0000e+00	9421	2308712764	251496
caC/caT	2.0000e+00	6718	1650324799	251496
caC/caT	3.0000e+00	4251	1045057763	251496
caC/caT	4.0000e+00	2377	583887775	251496
caC/caT	5.0000e+00	1279	314479896	251496
caC/caT	6.0000e+00	796	195932938	251494
caC/caT	7.0000e+00	553	135998202	251494
caC/caT	8.0000e+00	406	100201111	251496
caC/caT	9.0000e+00	291	71963538	251496
caC/caT	1.0000e+01	200	49383537	251490
caC/caT	1.1000e+01	113	27817660	251478
caC/caT	1.2000e+01	87	21417571	251486
caC/caT	1.3000e+01	85	20967590	251470
caC/caT	1.4000e+01	85	20913118	251486
caC/caT	1.5000e+01	98	23991795	251486
caC/caT	1.6000e+01	94	23023157	251486
caC/caT	1.7000e+01	59	14592066	251482
caG/caA	0.0000e+00	24268	5960346759	251496
caG/caA	1.0000e+00	8979	2205005486	251496
caG/caA	2.0000e+00	3883	953142034	251496
caG/caA	3.0000e+00	1913	468913107	251496
caG/caA	4.0000e+00	1095	268725280	251496
caG/caA	5.0000e+00	675	166112272	251496
caG/caA	6.0000e+00	425	104412246	251496
caG/caA	7.0000e+00	303	74676621	251492
caG/caA	8.0000e+00	244	59770494	251494
caG/caA	9.0000e+00	185	45281441	251496
caG/caA	1.0000e+01	119	29169340	251494
caG/caA	1.1000e+01	98	24131183	251490
caG/caA	1.2000e+01	55	13486785	251488
caG/caA	1.3000e+01	62	15231479	251496
caG/caA	1.4000e+01	54	13260851	251496
caG/caA	1.5000e+01	62	15215444	251484
caG/caA	1.6000e+01	64	15669247	251486
caG/caA	1.7000e+01	57	14089296	251430
caT/caC	0.0000e+00	10660	2625358966	251496
caT/caC	1.0000e+00	4832	1192028606	251496
caT/caC	2.0000e+00	2145	527774408	251496
caT/caC	3.0000e+00	1064	262820602	251496
caT/caC	4.0000e+00	594	146208381	251496
caT/caC	5.0000e+00	367	90421092	251496
caT/caC	6.0000e+00	200	49243087	251496
caT/caC	7.0000e+00	137	33663078	251492
caT/caC	8.0000e+00	135	33061377	251492
caT/caC	9.0000e+00	104	25456330	251492
caT/caC	1.0000e+01	93	23053027	251494
caT/caC	1.1000e+01	48	11333352	251450
caT/caC	1.2000e+01	33	8198626	251480
caT/caC	1.3000e+01	31	7620524	251480
caT/caC	1.4000e+01	29	7141598	251462
caT/caC	1.5000e+01	56	13655438	251482
caT/caC	1.6000e+01	64	15685838	251464
caT/caC	1.7000e+01	84	20824714	251466
ccA/ccC	0.0000e+00	4334	1064982175	251496
ccA/ccC	1.0000e+00	1496	366910367	251496
ccA/ccC	2.0000e+00	690	168815449	251494
ccA/ccC	3.0000e+00	376	91824003	251492
ccA/ccC	4.0000e+00	213	51528383	251494
ccA/ccC	5.0000e+00	147	35736380	251494
ccA/ccC	6.0000e+00	127	30689218	251492
ccA/ccC	7.0000e+00	80	19200163	251494
ccA/ccC	8.0000e+00	68	16594288	251488
ccA/ccC	9.0000e+00	47	11217380	251486
ccA/ccC	1.0000e+01	34	8122654	251488
ccA/ccC	1.1000e+01	17	4178426	251460
ccA/ccC	1.2000e+01	9	2176274	251466
ccA/ccC	1.3000e+01	9	2070820	251468
ccA/ccC	1.4000e+01	12	2899238	251480
ccA/ccC	1.5000e+01	13	3153639	251424
ccA/ccC	1.6000e+01	18	4352934	251478
ccA/ccC	1.7000e+01	13	3157100	251474
ccA/ccG	0.0000e+00	15168	3726306051	251496
ccA/ccG	1.0000e+00	6747	1657666950	251496
ccA/ccG	2.0000e+00	2853	702163113	251496
ccA/ccG	3.0000e+00	1394	342516292	251496
ccA/ccG	4.0000e+00	846	207518263	251496
ccA/ccG	5.0000e+00	472	116051497	251496
ccA/ccG	6.0000e+00	275	67722430	251494
ccA/ccG	7.0000e+00	234	57362175	251490
ccA/ccG	8.0000e+00	177	43643050	251496
ccA/ccG	9.0000e+00	133	32766799	251482
ccA/ccG	1.0000e+01	95	23505330	251496
ccA/ccG	1.1000e+01	67	16451446	251484
ccA/ccG	1.2000e+01	48	11816085	251492
ccA/ccG	1.3000e+01	50	12330740	251490
ccA/ccG	1.4000e+01	46	11148669	251476
ccA/ccG	1.5000e+01	75	18266428	251484
ccA/ccG	1.6000e+01	90	21884971	251476
ccA/ccG	1.7000e+01	123	29996930	251490
ccA/ccT	0.0000e+00	3031	745016045	251496
ccA/ccT	1.0000e+00	913	224258519	251496
ccA/ccT	2.0000e+00	391	95817125	251496
ccA/ccT	3.0000e+00	205	50224180	251494
ccA/ccT	4.0000e+00	132	32184729	251496
ccA/ccT	5.0000e+00	76	18758501	251496
ccA/ccT	6.0000e+00	40	9896869	251476
ccA/ccT	7.0000e+00	36	8789946	251494
ccA/ccT	8.0000e+00	17	4109426	251466
ccA/ccT	9.0000e+00	21	5233492	251478
ccA/ccT	1.0000e+01	11	2715644	251490
ccA/ccT	1.1000e+01	7	1752176	251424
ccA/ccT	1.2000e+01	5	1232274	251436
ccA/ccT	1.3000e+01	7	1751610	251434
ccA/ccT	1.4000e+01	4	999264	251358
ccA/ccT	1.5000e+01	8	1950438	251446
ccA/ccT	1.6000e+01	6	1429526	250900
ccA/ccT	1.7000e+01	6	1467746	251330
ccC/ccA	0.0000e+00	5535	1352931466	251496
ccC/ccA	1.0000e+00	2375	575215245	251494
ccC/ccA	2.0000e+00	970	235776903	251496
ccC/ccA	3.0000e+00	512	124535761	251496
ccC/ccA	4.0000e+00	275	66931161	251496
ccC/ccA	5.0000e+00	161	38908100	251492
ccC/ccA	6.0000e+00	107	25873540	251492
ccC/ccA	7.0000e+00	69	16842801	251496
ccC/ccA	8.0000e+00	44	10855156	251484
ccC/ccA	9.0000e+00	49	11842084	251474
ccC/ccA	1.0000e+01	31	7556265	251494
ccC/ccA	1.1000e+01	20	4973838	251494
ccC/ccA	1.2000e+01	13	3206838	251494
ccC/ccA	1.3000e+01	14	3483546	251492
ccC/ccA	1.4000e+01	12	2891605	251454
ccC/ccA	1.5000e+01	9	2176584	251142
ccC/ccA	1.6000e+01	14	3397328	251446
ccC/ccA	1.7000e+01	16	3923320	251448
ccC/ccG	0.0000e+00	10193	2491322915	251496
ccC/ccG	1.0000e+00	4065	991577085	251496
ccC/ccG	2.0000e+00	1814	441725125	251496
ccC/ccG	3.0000e+00	996	242271308	251496
ccC/ccG	4.0000e+00	499	120970069	251496
ccC/ccG	5.0000e+00	312	75601455	251494
ccC/ccG	6.0000e+00	210	51289319	251490
ccC/ccG	7.0000e+00	156	37870465	251496
ccC/ccG	8.0000e+00	115	28059819	251492
ccC/ccG	9.0000e+00	89	21656833	251484
ccC/ccG	1.0000e+01	53	12902985	251458
ccC/ccG	1.1000e+01	31	7569160	251456
ccC/ccG	1.2000e+01	18	4406818	251446
ccC/ccG	1.3000e+01	19	4607712	251446
ccC/ccG	1.4000e+01	24	5956284	251450
ccC/ccG	1.5000e+01	23	5660450	251440
ccC/ccG	1.6000e+01	21	5133638	251438
ccC/ccG	1.7000e+01	24	5824596	251468
ccC/ccT	0.0000e+00	19705	4814500419	251496
ccC/ccT	1.0000e+00	11102	2702724807	251496
ccC/ccT	2.0000e+00	7818	1909425533	251496
ccC/ccT	3.0000e+00	5095	1246479457	251496
ccC/ccT	4.0000e+00	2854	697052832	251496
ccC/ccT	5.0000e+00	1576	384513680	251494
ccC/ccT	6.0000e+00	934	228787687	251496
ccC/ccT	7.0000e+00	650	158864639	251496
ccC/ccT	8.0000e+00	496	121265671	251496
ccC/ccT	9.0000e+00	386	94294091	251494
ccC/ccT	1.0000e+01	240	58703870	251490
ccC/ccT	1.1000e+01	135	32942286	251486
ccC/ccT	1.2000e+01	109	26780262	251488
ccC/ccT	1.3000e+01	85	20708727	251490
ccC/ccT	1.4000e+01	97	23899272	251474
ccC/ccT	1.5000e+01	83	20433668	251486
ccC/ccT	1.6000e+01	89	21784531	251474
ccC/ccT	1.7000e+01	56	13792409	251476
ccG/ccA	0.0000e+00	5604	1347148385	251496
ccG/ccA	1.0000e+00	8266	2000971112	251496
ccG/ccA	2.0000e+00	9622	2347268000	251496
ccG/ccA	3.0000e+00	7381	1805996397	251496
ccG/ccA	4.0000e+00	4126	1010655456	251496
ccG/ccA	5.0000e+00	2310	565959593	251496
ccG/ccA	6.0000e+00	1206	295308443	251494
ccG/ccA	7.0000e+00	908	221864276	251496
ccG/ccA	8.0000e+00	626	153099831	251494
ccG/ccA	9.0000e+00	452	110636315	251490
ccG/ccA	1.0000e+01	353	86567439	251496
ccG/ccA	1.1000e+01	213	52302691	251492
ccG/ccA	1.2000e+01	143	35160320	251492
ccG/ccA	1.3000e+01	118	28802698	251484
ccG/ccA	1.4000e+01	115	28122327	251490
ccG/ccA	1.5000e+01	112	27471988	251464
ccG/ccA	1.6000e+01	135	33158728	251464
ccG/ccA	1.7000e+01	80	19701402	251482
ccG/ccC	0.0000e+00	3297	800996243	251496
ccG/ccC	1.0000e+00	1239	300005024	251494
ccG/ccC	2.0000e+00	516	124734830	251496
ccG/ccC	3.0000e+00	292	70765125	251490
ccG/ccC	4.0000e+00	168	40880356	251494
ccG/ccC	5.0000e+00	111	26522490	251466
ccG/ccC	6.0000e+00	80	19342398	251490
ccG/ccC	7.0000e+00	40	9597609	251492
ccG/ccC	8.0000e+00	36	8607674	251458
ccG/ccC	9.0000e+00	25	6093434	251478
ccG/ccC	1.0000e+01	22	5193348	251420
ccG/ccC	1.1000e+01	15	3519852	251440
ccG/ccC	1.2000e+01	10	2360698	250094
ccG/ccC	1.3000e+01	13	3093904	251418
ccG/ccC	1.4000e+01	8	1980098	251368
ccG/ccC	1.5000e+01	12	2898480	251282
ccG/ccC	1.6000e+01	14	3382426	251342
ccG/ccC	1.7000e+01	15	3718662	251418
ccG/ccT	0.0000e+00	4124	1003557432	251496
ccG/ccT	1.0000e+00	1924	466492432	251496
ccG/ccT	2.0000e+00	775	187712750	251492
ccG/ccT	3.0000e+00	386	93632906	251490
ccG/ccT	4.0000e+00	210	51301285	251492
ccG/ccT	5.0000e+00	138	33803520	251496
ccG/ccT	6.0000e+00	79	18989398	251482
ccG/ccT	7.0000e+00	69	16627373	251472
ccG/ccT	8.0000e+00	50	12163876	251466
ccG/ccT	9.0000e+00	39	9560655	251496
ccG/ccT	1.0000e+01	29	7090764	251468
ccG/ccT	1.1000e+01	12	2885504	251458
ccG/ccT	1.2000e+01	12	2948360	251458
ccG/ccT	1.3000e+01	8	1990958	251346
ccG/ccT	1.4000e+01	6	1442756	251466
ccG/ccT	1.5000e+01	18	4261666	251390
ccG/ccT	1.6000e+01	11	2705820	251428
ccG/ccT	1.7000e+01	8	1900203	251340
ccT/ccA	0.0000e+00	2963	726046591	251496
ccT/ccA	1.0000e+00	920	225636843	251496
ccT/ccA	2.0000e+00	360	88289432	251494
ccT/ccA	3.0000e+00	200	49006002	251494
ccT/ccA	4.0000e+00	107	26029171	251486
ccT/ccA	5.0000e+00	80	19626686	251484
ccT/ccA	6.0000e+00	33	8193494	251488
ccT/ccA	7.0000e+00	45	10865483	251496
ccT/ccA	8.0000e+00	17	4081019	251492
ccT/ccA	9.0000e+00	22	5379260	251484
ccT/ccA	1.0000e+01	13	3160364	251470
ccT/ccA	1.1000e+01	9	2146856	251468
ccT/ccA	1.2000e+01	3	731798	248302
ccT/ccA	1.3000e+01	6	1505126	251394
ccT/ccA	1.4000e+01	5	1224044	251088
ccT/ccA	1.5000e+01	3	745372	251466
ccT/ccA	1.6000e+01	9	2158086	251398
ccT/ccA	1.7000e+01	7	1749822	251412
ccT/ccC	0.0000e+00	9899	2431084040	251496
ccT/ccC	1.0000e+00	3638	891970942	251496
ccT/ccC	2.0000e+00	1544	379116475	251496
ccT/ccC	3.0000e+00	821	201467375	251496
ccT/ccC	4.0000e+00	420	103371289	251494
ccT/ccC	5.0000e+00	282	69226689	251496
ccT/ccC	6.0000e+00	182	44523065	251490
ccT/ccC	7.0000e+00	133	32442796	251496
ccT/ccC	8.0000e+00	111	26950889	251488
ccT/ccC	9.0000e+00	88	21666648	251492
ccT/ccC	1.0000e+01	69	16916057	251496
ccT/ccC	1.1000e+01	47	11347317	251488
ccT/ccC	1.2000e+01	34	8321436	251494
ccT/ccC	1.3000e+01	23	5637237	251416
ccT/ccC	1.4000e+01	27	6654464	251460
ccT/ccC	1.5000e+01	37	9162782	251472
ccT/ccC	1.6000e+01	70	17053125	251418
ccT/ccC	1.7000e+01	87	21383171	251438
ccT/ccG	0.0000e+00	4164	1021865039	251496
ccT/ccG	1.0000e+00	1374	337106669	251496
ccT/ccG	2.0000e+00	535	131858087	251496
ccT/ccG	3.0000e+00	288	70529894	251496
ccT/ccG	4.0000e+00	161	39502295	251494
ccT/ccG	5.0000e+00	92	22491317	251496
ccT/ccG	6.0000e+00	79	19464001	251496
ccT/ccG	7.0000e+00	35	8493563	251482
ccT/ccG	8.0000e+00	42	10293925	251490
ccT/ccG	9.0000e+00	26	6360672	251478
ccT/ccG	1.0000e+01	20	4991392	251440
ccT/ccG	1.1000e+01	7	1700248	251474
ccT/ccG	1.2000e+01	6	1467034	251306
ccT/ccG	1.3000e+01	13	3224140	251480
ccT/ccG	1.4000e+01	9	2246596	251464
ccT/ccG	1.5000e+01	5	1212176	251394
ccT/ccG	1.6000e+01	10	2356922	251376
ccT/ccG	1.7000e+01	11	2716116	251484
cgA/cgC	0.0000e+00	1107	273531070	251496
cgA/cgC	1.0000e+00	353	86866498	251496
cgA/cgC	2.0000e+00	181	44672782	251496
cgA/cgC	3.0000e+00	101	24951089	251494
cgA/cgC	4.0000e+00	45	10932774	251496
cgA/cgC	5.0000e+00	29	7159340	251486
cgA/cgC	6.0000e+00	11	2527196	251480
cgA/cgC	7.0000e+00	14	3497520	251494
cgA/cgC	8.0000e+00	7	1722356	251430
cgA/cgC	9.0000e+00	5	1219658	251434
cgA/cgC	1.0000e+01	7	1671190	251436
cgA/cgC	1.1000e+01	6	1487610	251384
cgA/cgC	1.2000e+01	3	749802	250768
cgA/cgC	1.3000e+01	4	995612	251278
cgA/cgC	1.4000e+01	3	752484	251428
cgA/cgC	1.5000e+01	5	1226230	248772
cgA/cgC	1.6000e+01	6	1499726	251424
cgA/cgC	1.7000e+01	9	2231760	251486
cgA/cgG	0.0000e+00	2784	686104085	251496
cgA/cgG	1.0000e+00	937	230835722	251496
cgA/cgG	2.0000e+00	389	95398175	251496
cgA/cgG	3.0000e+00	221	54152179	251492
cgA/cgG	4.0000e+00	111	27243675	251488
cgA/cgG	5.0000e+00	70	17101368	251486
cgA/cgG	6.0000e+00	36	8887780	251496
cgA/cgG	7.0000e+00	41	10178282	251496
cgA/cgG	8.0000e+00	19	4707114	251482
cgA/cgG	9.0000e+00	15	3619335	251494
cgA/cgG	1.0000e+01	6	1482172	251482
cgA/cgG	1.1000e+01	12	2979310	251492
cgA/cgG	1.2000e+01	7	1756918	251484
cgA/cgG	1.3000e+01	9	2202976	251458
cgA/cgG	1.4000e+01	12	2993592	251480
cgA/cgG	1.5000e+01	9	2251062	251442
cgA/cgG	1.6000e+01	13	3133774	251428
cgA/cgG	1.7000e+01	19	4690242	251478
cgA/cgT	0.0000e+00	1047	257725181	251496
cgA/cgT	1.0000e+00	317	78012639	251494
cgA/cgT	2.0000e+00	128	31387660	251496
cgA/cgT	3.0000e+00	69	16972478	251494
cgA/cgT	4.0000e+00	28	6940790	251494
cgA/cgT	5.0000e+00	20	4979348	251484
cgA/cgT	6.0000e+00	12	2995274	251482
cgA/cgT	7.0000e+00	12	2992394	251490
cgA/cgT	8.0000e+00	6	1418858	251340
cgA/cgT	9.0000e+00	2	499996	250788
cgA/cgT	1.0000e+01	3	740698	251392
cgA/cgT	1.1000e+01	2	500578	250296
cgA/cgT	1.2000e+01	1	248576	248576
cgA/cgT	1.3000e+01	1	182632	182632
cgA/cgT	1.4000e+01	2	500306	251038
cgA/cgT	1.5000e+01	1	251004	251004
cgA/cgT	1.6000e+01	5	1236220	251420
cgA/cgT	1.7000e+01	1	245530	245530
cgC/cgA	0.0000e+00	2490	607474972	251496
cgC/cgA	1.0000e+00	916	222083679	251494
cgC/cgA	2.0000e+00	339	82209552	251494
cgC/cgA	3.0000e+00	187	45478905	251496
cgC/cgA	4.0000e+00	109	26590183	251494
cgC/cgA	5.0000e+00	59	14360539	251494
cgC/cgA	6.0000e+00	44	10658978	251490
cgC/cgA	7.0000e+00	32	7847216	251486
cgC/cgA	8.0000e+00	26	6317046	251472
cgC/cgA	9.0000e+00	13	3177016	251358
cgC/cgA	1.0000e+01	6	1492000	251474
cgC/cgA	1.1000e+01	6	1484968	251462
cgC/cgA	1.2000e+01	4	994928	251436
cgC/cgA	1.3000e+01	4	960500	251438
cgC/cgA	1.4000e+01	2	431530	249606
cgC/cgA	1.5000e+01	5	1225356	248992
cgC/cgA	1.6000e+01	5	1204928	249762
cgC/cgA	1.7000e+01	4	1002556	251496
cgC/cgG	0.0000e+00	2456	598414336	251496
cgC/cgG	1.0000e+00	842	205151476	251496
cgC/cgG	2.0000e+00	343	83280238	251494
cgC/cgG	3.0000e+00	209	50653090	251496
cgC/cgG	4.0000e+00	91	21829304	251490
cgC/cgG	5.0000e+00	73	17536612	251476
cgC/cgG	6.0000e+00	44	10797632	251474
cgC/cgG	7.0000e+00	33	8089543	251444
cgC/cgG	8.0000e+00	31	7527018	251482
cgC/cgG	9.0000e+00	13	3200102	251494
cgC/cgG	1.0000e+01	9	2241046	251492
cgC/cgG	1.1000e+01	4	964078	251422
cgC/cgG	1.2000e+01	3	748752	251444
cgC/cgG	1.3000e+01	2	498790	250328
cgC/cgG	1.4000e+01	4	934920	251426
cgC/cgG	1.5000e+01	3	748236	250954
cgC/cgG	1.6000e+01	4	966732	251118
cgC/cgG	1.7000e+01	4	983276	250658
cgC/cgT	0.0000e+00	8561	2086783052	251496
cgC/cgT	1.0000e+00	4349	1057667549	251496
cgC/cgT	2.0000e+00	2840	693341634	251496
cgC/cgT	3.0000e+00	1802	440275799	251496
cgC/cgT	4.0000e+00	992	242557055	251496
cgC/cgT	5.0000e+00	578	140859773	251496
cgC/cgT	6.0000e+00	356	86848283	251494
cgC/cgT	7.0000e+00	229	55961052	251496
cgC/cgT	8.0000e+00	170	41892916	251490
cgC/cgT	9.0000e+00	118	28745804	251494
cgC/cgT	1.0000e+01	115	28318823	251490
cgC/cgT	1.1000e+01	55	13571722	251494
cgC/cgT	1.2000e+01	35	8543052	251462
cgC/cgT	1.3000e+01	29	7115430	251452
cgC/cgT	1.4000e+01	36	8813708	251476
cgC/cgT	1.5000e+01	35	8568702	251478
cgC/cgT	1.6000e+01	30	7370162	251472
cgC/cgT	1.7000e+01	23	5659674	251404
cgG/cgA	0.0000e+00	8501	2077920549	251496
cgG/cgA	1.0000e+00	3295	805048342	251496
cgG/cgA	2.0000e+00	1417	346438073	251496
cgG/cgA	3.0000e+00	712	173676594	251496
cgG/cgA	4.0000e+00	430	105284844	251494
cgG/cgA	5.0000e+00	226	55007464	251494
cgG/cgA	6.0000e+00	174	42631858	251492
cgG/cgA	7.0000e+00	116	28442226	251490
cgG/cgA	8.0000e+00	91	22364871	251490
cgG/cgA	9.0000e+00	69	16738059	251488
cgG/cgA	1.0000e+01	60	14743284	251480
cgG/cgA	1.1000e+01	33	8138034	251494
cgG/cgA	1.2000e+01	26	6317657	251488
cgG/cgA	1.3000e+01	22	5312813	251450
cgG/cgA	1.4000e+01	12	2940514	251450
cgG/cgA	1.5000e+01	17	4134724	251350
cgG/cgA	1.6000e+01	14	3465770	251474
cgG/cgA	1.7000e+01	10	2492856	251368
cgG/cgC	0.0000e+00	3270	800236738	251496
cgG/cgC	1.0000e+00	1030	253154149	251496
cgG/cgC	2.0000e+00	420	103152644	251496
cgG/cgC	3.0000e+00	241	58748765	251494
cgG/cgC	4.0000e+00	143	35112104	251492
cgG/cgC	5.0000e+00	77	18781326	251482
cgG/cgC	6.0000e+00	47	11594200	251492
cgG/cgC	7.0000e+00	33	8106380	251460
cgG/cgC	8.0000e+00	32	7834542	251490
cgG/cgC	9.0000e+00	23	5674486	251428
cgG/cgC	1.0000e+01	17	4197542	251484
cgG/cgC	1.1000e+01	9	2105548	251464
cgG/cgC	1.2000e+01	14	3423674	251400
cgG/cgC	1.3000e+01	6	1497286	251086
cgG/cgC	1.4000e+01	8	1938076	251442
cgG/cgC	1.5000e+01	7	1751144	251458
cgG/cgC	1.6000e+01	6	1490274	251148
cgG/cgC	1.7000e+01	5	1223640	249272
cgG/cgT	0.0000e+00	3730	915029604	251496
cgG/cgT	1.0000e+00	1289	315625239	251496
cgG/cgT	2.0000e+00	523	128206777	251496
cgG/cgT	3.0000e+00	237	58414732	251492
cgG/cgT	4.0000e+00	138	33664086	251494
cgG/cgT	5.0000e+00	77	18882730	251490
cgG/cgT	6.0000e+00	70	17298088	251492
cgG/cgT	7.0000e+00	39	9701968	251496
cgG/cgT	8.0000e+00	33	8189290	251480
cgG/cgT	9.0000e+00	21	5149954	251468
cgG/cgT	1.0000e+01	14	3484346	251496
cgG/cgT	1.1000e+01	5	1206816	251290
cgG/cgT	1.2000e+01	8	1972496	251368
cgG/cgT	1.3000e+01	8	1959272	251480
cgG/cgT	1.4000e+01	3	752402	251456
cgG/cgT	1.5000e+01	4	959702	251194
cgG/cgT	1.6000e+01	7	1662139	251346
cgG/cgT	1.7000e+01	4	936058	251494
cgT/cgA	0.0000e+00	698	171443113	251496
cgT/cgA	1.0000e+00	197	48846805	251492
cgT/cgA	2.0000e+00	99	24268157	251496
cgT/cgA	3.0000e+00	39	9600228	251494
cgT/cgA	4.0000e+00	16	3977810	251490
cgT/cgA	5.0000e+00	16	3939732	251470
cgT/cgA	6.0000e+00	11	2736524	251480
cgT/cgA	7.0000e+00	9	2227208	251496
cgT/cgA	8.0000e+00	7	1685802	250964
cgT/cgA	9.0000e+00	3	752674	251416
cgT/cgA	1.0000e+01	7	1729344	251440
cgT/cgA	1.2000e+01	2	489898	251476
cgT/cgA	1.4000e+01	1	249248	249248
cgT/cgA	1.5000e+01	1	251458	251458
cgT/cgA	1.6000e+01	7	1752154	251338
cgT/cgA	1.7000e+01	1	249152	249152
cgT/cgC	0.0000e+00	2250	552291301	251496
cgT/cgC	1.0000e+00	786	193439916	251496
cgT/cgC	2.0000e+00	375	91960808	251496
cgT/cgC	3.0000e+00	186	45779672	251496
cgT/cgC	4.0000e+00	98	23900292	251494
cgT/cgC	5.0000e+00	72	17598516	251480
cgT/cgC	6.0000e+00	41	10043192	251462
cgT/cgC	7.0000e+00	36	8805133	251480
cgT/cgC	8.0000e+00	16	3899106	251496
cgT/cgC	9.0000e+00	13	3183222	251480
cgT/cgC	1.0000e+01	11	2755744	251494
cgT/cgC	1.1000e+01	11	2551972	251202
cgT/cgC	1.2000e+01	11	2676102	251344
cgT/cgC	1.3000e+01	7	1658958	251480
cgT/cgC	1.4000e+01	9	2211990	251476
cgT/cgC	1.5000e+01	14	3365534	251400
cgT/cgC	1.6000e+01	20	4883985	251416
cgT/cgC	1.7000e+01	41	9924409	251476
cgT/cgG	0.0000e+00	691	169473445	251496
cgT/cgG	1.0000e+00	230	56374039	251496
cgT/cgG	2.0000e+00	101	24978591	251492
cgT/cgG	3.0000e+00	42	10297258	251480
cgT/cgG	4.0000e+00	23	5564692	251496
cgT/cgG	5.0000e+00	11	2662559	251432
cgT/cgG	6.0000e+00	12	2955330	251464
cgT/cgG	7.0000e+00	3	746414	250888
cgT/cgG	8.0000e+00	1	251010	251010
cgT/cgG	9.0000e+00	6	1476332	251032
cgT/cgG	1.0000e+01	3	747606	251446
cgT/cgG	1.1000e+01	1	251306	251306
cgT/cgG	1.2000e+01	1	251086	251086
cgT/cgG	1.5000e+01	2	479238	249278
cgT/cgG	1.6000e+01	2	495480	249426
cgT/cgG	1.7000e+01	7	1611226	251420
ctA/ctC	0.0000e+00	1727	424632802	251496
ctA/ctC	1.0000e+00	565	139628581	251496
ctA/ctC	2.0000e+00	235	57775937	251496
ctA/ctC	3.0000e+00	107	26226918	251494
ctA/ctC	4.0000e+00	70	17345011	251492
ctA/ctC	5.0000e+00	47	11518626	251482
ctA/ctC	6.0000e+00	25	6171554	251418
ctA/ctC	7.0000e+00	23	5732170	251488
ctA/ctC	8.0000e+00	18	4219786	251336
ctA/ctC	9.0000e+00	14	3462430	251474
ctA/ctC	1.0000e+01	7	1745666	251492
ctA/ctC	1.1000e+01	7	1648825	251458
ctA/ctC	1.2000e+01	2	500714	251314
ctA/ctC	1.3000e+01	5	1197402	251464
ctA/ctC	1.4000e+01	4	985396	251412
ctA/ctC	1.5000e+01	6	1499132	251216
ctA/ctC	1.6000e+01	9	2213254	251402
ctA/ctC	1.7000e+01	4	999266	250976
ctA/ctG	0.0000e+00	8531	2097599723	251496
ctA/ctG	1.0000e+00	4337	1066999360	251496
ctA/ctG	2.0000e+00	2092	514665281	251496
ctA/ctG	3.0000e+00	1107	272784714	251496
ctA/ctG	4.0000e+00	598	146971095	251496
ctA/ctG	5.0000e+00	347	85474682	251494
ctA/ctG	6.0000e+00	236	58141111	251492
ctA/ctG	7.0000e+00	178	43821239	251490
ctA/ctG	8.0000e+00	133	32749015	251496
ctA/ctG	9.0000e+00	89	22056152	251494
ctA/ctG	1.0000e+01	59	14275354	251460
ctA/ctG	1.1000e+01	42	10246706	251494
ctA/ctG	1.2000e+01	29	7210246	251490
ctA/ctG	1.3000e+01	28	6960868	251466
ctA/ctG	1.4000e+01	41	10093570	251474
ctA/ctG	1.5000e+01	27	6586930	251456
ctA/ctG	1.6000e+01	51	12668376	251462
ctA/ctG	1.7000e+01	77	18959162	251478
ctA/ctT	0.0000e+00	1267	311610958	251496
ctA/ctT	1.0000e+00	365	89350972	251496
ctA/ctT	2.0000e+00	141	34598050	251488
ctA/ctT	3.0000e+00	72	17827188	251482
ctA/ctT	4.0000e+00	38	9306468	251496
ctA/ctT	5.0000e+00	34	8395758	251486
ctA/ctT	6.0000e+00	12	2941254	251484
ctA/ctT	7.0000e+00	9	2202224	251248
ctA/ctT	8.0000e+00	11	2714220	251454
ctA/ctT	9.0000e+00	8	1989444	251410
ctA/ctT	1.0000e+01	2	495016	248694
ctA/ctT	1.1000e+01	4	952558	251140
ctA/ctT	1.2000e+01	1	251126	251126
ctA/ctT	1.4000e+01	1	251334	251334
ctA/ctT	1.5000e+01	5	1220156	251282
ctA/ctT	1.6000e+01	3	739172	249882
ctA/ctT	1.7000e+01	4	994276	250830
ctC/ctA	0.0000e+00	4279	1051759859	251496
ctC/ctA	1.0000e+00	1514	371579874	251496
ctC/ctA	2.0000e+00	585	143820746	251494
ctC/ctA	3.0000e+00	312	76576839	251494
ctC/ctA	4.0000e+00	142	34852876	251492
ctC/ctA	5.0000e+00	109	26508202	251490
ctC/ctA	6.0000e+00	71	17515638	251490
ctC/ctA	7.0000e+00	47	11501899	251486
ctC/ctA	8.0000e+00	34	8164538	251464
ctC/ctA	9.0000e+00	27	6467898	251480
ctC/ctA	1.0000e+01	16	3899858	251482
ctC/ctA	1.1000e+01	8	1933691	251486
ctC/ctA	1.2000e+01	8	1917394	251472
ctC/ctA	1.3000e+01	5	1250486	251488
ctC/ctA	1.4000e+01	8	1919627	251008
ctC/ctA	1.5000e+01	8	1943642	251346
ctC/ctA	1.6000e+01	7	1729198	250862
ctC/ctA	1.7000e+01	6	1487508	251010
ctC/ctG	0.0000e+00	10018	2464586104	251496
ctC/ctG	1.0000e+00	3806	936045613	251496
ctC/ctG	2.0000e+00	1638	402477245	251496
ctC/ctG	3.0000e+00	798	195825857	251496
ctC/ctG	4.0000e+00	444	109020479	251494
ctC/ctG	5.0000e+00	258	63258700	251494
ctC/ctG	6.0000e+00	153	37498199	251490
ctC/ctG	7.0000e+00	124	30520245	251494
ctC/ctG	8.0000e+00	84	20586288	251494
ctC/ctG	9.0000e+00	84	20632791	251494
ctC/ctG	1.0000e+01	44	10716216	251486
ctC/ctG	1.1000e+01	26	6362416	251490
ctC/ctG	1.2000e+01	40	9705689	251470
ctC/ctG	1.3000e+01	22	5441774	251422
ctC/ctG	1.4000e+01	18	4370770	251464
ctC/ctG	1.5000e+01	26	6353221	251446
ctC/ctG	1.6000e+01	36	8862432	251462
ctC/ctG	1.7000e+01	32	7919022	251470
ctC/ctT	0.0000e+00	19999	4913402371	251496
ctC/ctT	1.0000e+00	10781	2647488110	251496
ctC/ctT	2.0000e+00	6076	1493412829	251496
ctC/ctT	3.0000e+00	3347	823961071	251496
ctC/ctT	4.0000e+00	1839	452749542	251496
ctC/ctT	5.0000e+00	1008	249017450	251496
ctC/ctT	6.0000e+00	674	165582964	251496
ctC/ctT	7.0000e+00	463	113446629	251494
ctC/ctT	8.0000e+00	339	83296584	251494
ctC/ctT	9.0000e+00	290	71361857	251496
ctC/ctT	1.0000e+01	149	36741045	251496
ctC/ctT	1.1000e+01	115	28246524	251494
ctC/ctT	1.2000e+01	66	16126333	251490
ctC/ctT	1.3000e+01	66	16224765	251482
ctC/ctT	1.4000e+01	57	13895692	251492
ctC/ctT	1.5000e+01	69	16900764	251454
ctC/ctT	1.6000e+01	53	13121126	251424
ctC/ctT	1.7000e+01	28	6994942	251488
ctG/ctA	0.0000e+00	31800	7810463875	251496
ctG/ctA	1.0000e+00	12255	3005296703	251496
ctG/ctA	2.0000e+00	5313	1303545715	251496
ctG/ctA	3.0000e+00	2498	614077106	251496
ctG/ctA	4.0000e+00	1413	347196917	251496
ctG/ctA	5.0000e+00	812	198806300	251496
ctG/ctA	6.0000e+00	590	144987336	251496
ctG/ctA	7.0000e+00	392	96057368	251494
ctG/ctA	8.0000e+00	305	74738695	251496
ctG/ctA	9.0000e+00	242	59324785	251492
ctG/ctA	1.0000e+01	165	40679904	251486
ctG/ctA	1.1000e+01	100	24482387	251490
ctG/ctA	1.2000e+01	64	15662796	251488
ctG/ctA	1.3000e+01	47	11468046	251478
ctG/ctA	1.4000e+01	72	17660927	251480
ctG/ctA	1.5000e+01	75	18389481	251480
ctG/ctA	1.6000e+01	61	15018367	251454
ctG/ctA	1.7000e+01	30	7431040	251470
ctG/ctC	0.0000e+00	12281	3017212439	251496
ctG/ctC	1.0000e+00	4110	1009184877	251496
ctG/ctC	2.0000e+00	1719	421319267	251496
ctG/ctC	3.0000e+00	832	204501654	251496
ctG/ctC	4.0000e+00	512	126095896	251496
ctG/ctC	5.0000e+00	271	66212458	251492
ctG/ctC	6.0000e+00	170	41775795	251496
ctG/ctC	7.0000e+00	138	33866745	251494
ctG/ctC	8.0000e+00	103	25069666	251470
ctG/ctC	9.0000e+00	70	17208631	251496
ctG/ctC	1.0000e+01	55	13663022	251458
ctG/ctC	1.1000e+01	32	7818218	251494
ctG/ctC	1.2000e+01	26	6291958	251442
ctG/ctC	1.3000e+01	23	5674312	251448
ctG/ctC	1.4000e+01	27	6632233	251474
ctG/ctC	1.5000e+01	28	6885004	251450
ctG/ctC	1.6000e+01	28	6893365	251436
ctG/ctC	1.7000e+01	29	7003536	251428
ctG/ctT	0.0000e+00	9645	2367676450	251496
ctG/ctT	1.0000e+00	3431	841064099	251496
ctG/ctT	2.0000e+00	1433	351664856	251496
ctG/ctT	3.0000e+00	701	171445626	251496
ctG/ctT	4.0000e+00	413	101429031	251494
ctG/ctT	5.0000e+00	208	50881589	251486
ctG/ctT	6.0000e+00	150	36843312	251492
ctG/ctT	7.0000e+00	102	24903536	251490
ctG/ctT	8.0000e+00	76	18644884	251486
ctG/ctT	9.0000e+00	52	12527958	251476
ctG/ctT	1.0000e+01	46	11348231	251484
ctG/ctT	1.1000e+01	23	5629592	251472
ctG/ctT	1.2000e+01	15	3616110	251428
ctG/ctT	1.3000e+01	21	5191012	251486
ctG/ctT	1.4000e+01	9	2179078	251362
ctG/ctT	1.5000e+01	20	4905452	251438
ctG/ctT	1.6000e+01	19	4701032	251354
ctG/ctT	1.7000e+01	9	2249412	251400
ctT/ctA	0.0000e+00	1565	385160977	251496
ctT/ctA	1.0000e+00	452	111705132	251496
ctT/ctA	2.0000e+00	193	47389523	251492
ctT/ctA	3.0000e+00	97	24015107	251494
ctT/ctA	4.0000e+00	56	13621343	251484
ctT/ctA	5.0000e+00	43	10395865	251494
ctT/ctA	6.0000e+00	23	5641288	251494
ctT/ctA	7.0000e+00	15	3632392	251490
ctT/ctA	8.0000e+00	11	2683662	251400
ctT/ctA	9.0000e+00	12	2860908	251280
ctT/ctA	1.0000e+01	5	1242170	251428
ctT/ctA	1.1000e+01	4	1001192	251136
ctT/ctA	1.2000e+01	1	250368	250368
ctT/ctA	1.3000e+01	2	477818	251338
ctT/ctA	1.4000e+01	2	500922	250742
ctT/ctA	1.5000e+01	3	736456	251174
ctT/ctA	1.6000e+01	3	747146	250778
ctT/ctA	1.7000e+01	1	222630	222630
ctT/ctC	0.0000e+00	5775	1422833436	251496
ctT/ctC	1.0000e+00	1984	489090271	251496
ctT/ctC	2.0000e+00	845	207983264	251494
ctT/ctC	3.0000e+00	413	101680432	251494
ctT/ctC	4.0000e+00	250	61746841	251496
ctT/ctC	5.0000e+00	156	38309338	251496
ctT/ctC	6.0000e+00	105	25787483	251492
ctT/ctC	7.0000e+00	83	20445762	251494
ctT/ctC	8.0000e+00	57	13855613	251496
ctT/ctC	9.0000e+00	41	10012086	251494
ctT/ctC	1.0000e+01	41	10087386	251486
ctT/ctC	1.1000e+01	17	4146000	251482
ctT/ctC	1.2000e+01	18	4344948	251472
ctT/ctC	1.3000e+01	14	3334083	251484
ctT/ctC	1.4000e+01	21	5139717	251460
ctT/ctC	1.5000e+01	28	6893480	251456
ctT/ctC	1.6000e+01	34	8312195	251424
ctT/ctC	1.7000e+01	44	10893694	251480
ctT/ctG	0.0000e+00	3195	787362207	251496
ctT/ctG	1.0000e+00	1008	248498353	251496
ctT/ctG	2.0000e+00	415	102491759	251492
ctT/ctG	3.0000e+00	233	57324411	251492
ctT/ctG	4.0000e+00	123	30100282	251496
ctT/ctG	5.0000e+00	72	17738639	251490
ctT/ctG	6.0000e+00	54	13265666	251484
ctT/ctG	7.0000e+00	31	7663348	251392
ctT/ctG	8.0000e+00	27	6677738	251484
ctT/ctG	9.0000e+00	19	4642278	251466
ctT/ctG	1.0000e+01	18	4440548	251466
ctT/ctG	1.1000e+01	13	3170716	251422
ctT/ctG	1.2000e+01	3	751190	251214
ctT/ctG	1.3000e+01	3	731144	251466
ctT/ctG	1.4000e+01	6	1449924	251026
ctT/ctG	1.5000e+01	5	1224038	251422
ctT/ctG	1.6000e+01	12	2933654	251414
ctT/ctG	1.7000e+01	12	2984892	251434
gaA/gaG	0.0000e+00	17970	4421017829	251496
gaA/gaG	1.0000e+00	6468	1589681375	251496
gaA/gaG	2.0000e+00	2740	673482649	251496
gaA/gaG	3.0000e+00	1336	328856257	251496
gaA/gaG	4.0000e+00	747	183210932	251496
gaA/gaG	5.0000e+00	453	110920597	251496
gaA/gaG	6.0000e+00	318	78091309	251494
gaA/gaG	7.0000e+00	224	54969375	251496
gaA/gaG	8.0000e+00	166	40898758	251496
gaA/gaG	9.0000e+00	132	32477096	251494
gaA/gaG	1.0000e+01	87	21164215	251488
gaA/gaG	1.1000e+01	53	13126452	251494
gaA/gaG	1.2000e+01	48	11870028	251478
gaA/gaG	1.3000e+01	38	9397690	251480
gaA/gaG	1.4000e+01	48	11932024	251474
gaA/gaG	1.5000e+01	37	9074519	251482
gaA/gaG	1.6000e+01	72	17459489	251484
gaA/gaG	1.7000e+01	83	20439874	251476
gaC/gaT	0.0000e+00	23467	5763130313	251496
gaC/gaT	1.0000e+00	13041	3197535127	251496
gaC/gaT	2.0000e+00	9551	2346764733	251496
gaC/gaT	3.0000e+00	6842	1683535910	251496
gaC/gaT	4.0000e+00	3947	972924714	251496
gaC/gaT	5.0000e+00	2136	526515482	251496
gaC/gaT	6.0000e+00	1274	313197721	251496
gaC/gaT	7.0000e+00	949	233368644	251496
gaC/gaT	8.0000e+00	673	165534505	251496
gaC/gaT	9.0000e+00	503	123673506	251494
gaC/gaT	1.0000e+01	315	77828679	251494
gaC/gaT	1.1000e+01	196	48111814	251494
gaC/gaT	1.2000e+01	134	33110112	251496
gaC/gaT	1.3000e+01	123	30249274	251488
gaC/gaT	1.4000e+01	125	30556839	251478
gaC/gaT	1.5000e+01	150	36824918	251492
gaC/gaT	1.6000e+01	138	34046613	251482
gaC/gaT	1.7000e+01	82	20409000	251484
gaG/gaA	0.0000e+00	37647	9236330955	251496
gaG/gaA	1.0000e+00	15157	3720243651	251496
gaG/gaA	2.0000e+00	6583	1614203535	251496
gaG/gaA	3.0000e+00	3283	805306939	251496
gaG/gaA	4.0000e+00	1844	452346025	251496
gaG/gaA	5.0000e+00	1172	287335327	251496
gaG/gaA	6.0000e+00	713	175073138	251496
gaG/gaA	7.0000e+00	479	117041857	251496
gaG/gaA	8.0000e+00	401	98175009	251496
gaG/gaA	9.0000e+00	314	76221670	251496
gaG/gaA	1.0000e+01	194	47335492	251492
gaG/gaA	1.1000e+01	130	32162358	251490
gaG/gaA	1.2000e+01	92	22439752	251482
gaG/gaA	1.3000e+01	75	18331282	251484
gaG/gaA	1.4000e+01	76	18177835	251464
gaG/gaA	1.5000e+01	67	16446942	251472
gaG/gaA	1.6000e+01	94	23053727	251476
gaG/gaA	1.7000e+01	61	15178688	251476
gaT/gaC	0.0000e+00	16675	4105061919	251496
gaT/gaC	1.0000e+00	6801	1675718306	251496
gaT/gaC	2.0000e+00	2911	717486651	251496
gaT/gaC	3.0000e+00	1518	374898156	251496
gaT/gaC	4.0000e+00	822	202749738	251496
gaT/gaC	5.0000e+00	499	122640114	251496
gaT/gaC	6.0000e+00	349	85877320	251496
gaT/gaC	7.0000e+00	224	55283010	251496
gaT/gaC	8.0000e+00	180	44250701	251494
gaT/gaC	9.0000e+00	154	37823691	251486
gaT/gaC	1.0000e+01	102	25190378	251496
gaT/gaC	1.1000e+01	73	17934189	251488
gaT/gaC	1.2000e+01	62	15393334	251494
gaT/gaC	1.3000e+01	40	9879930	251478
gaT/gaC	1.4000e+01	51	12491259	251462
gaT/gaC	1.5000e+01	76	18780445	251478
gaT/gaC	1.6000e+01	91	22398175	251464
gaT/gaC	1.7000e+01	146	35866153	251484
gcA/gcC	0.0000e+00	4977	1225092978	251496
gcA/gcC	1.0000e+00	1665	409641543	251496
gcA/gcC	2.0000e+00	758	186491856	251496
gcA/gcC	3.0000e+00	361	88714902	251496
gcA/gcC	4.0000e+00	213	52412214	251496
gcA/gcC	5.0000e+00	130	31588756	251494
gcA/gcC	6.0000e+00	83	20339647	251496
gcA/gcC	7.0000e+00	59	14268706	251496
gcA/gcC	8.0000e+00	46	11313517	251486
gcA/gcC	9.0000e+00	34	8289622	251470
gcA/gcC	1.0000e+01	27	6636272	251478
gcA/gcC	1.1000e+01	29	7092881	251488
gcA/gcC	1.2000e+01	9	2157098	251334
gcA/gcC	1.3000e+01	11	2618969	251386
gcA/gcC	1.4000e+01	16	3952048	251356
gcA/gcC	1.5000e+01	13	3190104	251458
gcA/gcC	1.6000e+01	17	4178620	251436
gcA/gcC	1.7000e+01	13	3218496	251430
gcA/gcG	0.0000e+00	12403	3054658871	251496
gcA/gcG	1.0000e+00	4990	1229155496	251496
gcA/gcG	2.0000e+00	2194	539704841	251496
gcA/gcG	3.0000e+00	1097	270489347	251496
gcA/gcG	4.0000e+00	619	152776171	251496
gcA/gcG	5.0000e+00	366	90361943	251496
gcA/gcG	6.0000e+00	232	56953672	251494
gcA/gcG	7.0000e+00	182	44998093	251494
gcA/gcG	8.0000e+00	137	33866670	251494
gcA/gcG	9.0000e+00	98	24187569	251496
gcA/gcG	1.0000e+01	97	23927330	251496
gcA/gcG	1.1000e+01	58	14232244	251494
gcA/gcG	1.2000e+01	36	8705802	251482
gcA/gcG	1.3000e+01	45	11130794	251486
gcA/gcG	1.4000e+01	51	12411507	251424
gcA/gcG	1.5000e+01	64	15586838	251480
gcA/gcG	1.6000e+01	75	18195978	251450
gcA/gcG	1.7000e+01	112	27447005	251490
gcA/gcT	0.0000e+00	2809	690454535	251496
gcA/gcT	1.0000e+00	872	213643779	251496
gcA/gcT	2.0000e+00	390	95972156	251496
gcA/gcT	3.0000e+00	187	45827730	251490
gcA/gcT	4.0000e+00	100	24248114	251472
gcA/gcT	5.0000e+00	44	10894448	251466
gcA/gcT	6.0000e+00	42	10218559	251482
gcA/gcT	7.0000e+00	37	9165766	251496
gcA/gcT	8.0000e+00	28	6852482	251474
gcA/gcT	9.0000e+00	12	2962282	251434
gcA/gcT	1.0000e+01	13	3252246	251492
gcA/gcT	1.1000e+01	10	2503270	251494
gcA/gcT	1.2000e+01	4	1005340	251494
gcA/gcT	1.3000e+01	3	751696	251056
gcA/gcT	1.4000e+01	7	1745802	251488
gcA/gcT	1.5000e+01	6	1409464	251334
gcA/gcT	1.6000e+01	4	998314	251380
gcA/gcT	1.7000e+01	10	2506272	251464
gcC/gcA	0.0000e+00	6380	1562889703	251496
gcC/gcA	1.0000e+00	2284	556408722	251496
gcC/gcA	2.0000e+00	967	236443864	251496
gcC/gcA	3.0000e+00	474	116274376	251496
gcC/gcA	4.0000e+00	274	66842324	251494
gcC/gcA	5.0000e+00	148	36147887	251492
gcC/gcA	6.0000e+00	110	26899422	251494
gcC/gcA	7.0000e+00	64	15531659	251494
gcC/gcA	8.0000e+00	54	13229866	251482
gcC/gcA	9.0000e+00	38	9249632	251496
gcC/gcA	1.0000e+01	24	5809141	251434
gcC/gcA	1.1000e+01	15	3647444	251298
gcC/gcA	1.2000e+01	9	2198272	251444
gcC/gcA	1.3000e+01	7	1718832	251482
gcC/gcA	1.4000e+01	11	2651340	251378
gcC/gcA	1.5000e+01	15	3647694	251470
gcC/gcA	1.6000e+01	20	4871776	251442
gcC/gcA	1.7000e+01	14	3443680	251210
gcC/gcG	0.0000e+00	9373	2293596162	251496
gcC/gcG	1.0000e+00	3287	803688355	251496
gcC/gcG	2.0000e+00	1381	336639227	251496
gcC/gcG	3.0000e+00	682	166766901	251494
gcC/gcG	4.0000e+00	376	91692810	251496
gcC/gcG	5.0000e+00	260	63436401	251496
gcC/gcG	6.0000e+00	175	42835653	251494
gcC/gcG	7.0000e+00	113	27461165	251496
gcC/gcG	8.0000e+00	95	23246350	251494
gcC/gcG	9.0000e+00	75	18241871	251494
gcC/gcG	1.0000e+01	39	9445474	251492
gcC/gcG	1.1000e+01	25	6026304	251474
gcC/gcG	1.2000e+01	16	3944804	251482
gcC/gcG	1.3000e+01	20	4864408	251494
gcC/gcG	1.4000e+01	14	3492676	251430
gcC/gcG	1.5000e+01	17	4166792	251480
gcC/gcG	1.6000e+01	23	5599062	251464
gcC/gcG	1.7000e+01	11	2698514	251456
gcC/gcT	0.0000e+00	24491	5992483016	251496
gcC/gcT	1.0000e+00	13757	3359039993	251496
gcC/gcT	2.0000e+00	9615	2351944641	251496
gcC/gcT	3.0000e+00	6196	1517337180	251496
gcC/gcT	4.0000e+00	3398	832168150	251496
gcC/gcT	5.0000e+00	1951	478080238	251496
gcC/gcT	6.0000e+00	1139	279728099	251496
gcC/gcT	7.0000e+00	763	187306366	251494
gcC/gcT	8.0000e+00	580	141919301	251496
gcC/gcT	9.0000e+00	438	106407772	251494
gcC/gcT	1.0000e+01	255	62615847	251496
gcC/gcT	1.1000e+01	194	47729583	251492
gcC/gcT	1.2000e+01	122	29889484	251484
gcC/gcT	1.3000e+01	103	25302415	251490
gcC/gcT	1.4000e+01	99	24269533	251496
gcC/gcT	1.5000e+01	118	28798594	251480
gcC/gcT	1.6000e+01	129	31497058	251484
gcC/gcT	1.7000e+01	65	16037950	251492
gcG/gcA	0.0000e+00	5589	1343609206	251496
gcG/gcA	1.0000e+00	7466	1812693493	251496
gcG/gcA	2.0000e+00	8666	2118547993	251496
gcG/gcA	3.0000e+00	6533	1601720253	251496
gcG/gcA	4.0000e+00	3623	889025170	251496
gcG/gcA	5.0000e+00	1938	474657500	251494
gcG/gcA	6.0000e+00	1208	295728701	251496
gcG/gcA	7.0000e+00	787	193033089	251496
gcG/gcA	8.0000e+00	579	141681062	251496
gcG/gcA	9.0000e+00	428	104899633	251496
gcG/gcA	1.0000e+01	282	69208839	251490
gcG/gcA	1.1000e+01	197	48360093	251494
gcG/gcA	1.2000e+01	133	32662623	251494
gcG/gcA	1.3000e+01	107	26058851	251492
gcG/gcA	1.4000e+01	105	25763182	251488
gcG/gcA	1.5000e+01	116	27980093	251480
gcG/gcA	1.6000e+01	114	27871868	251478
gcG/gcA	1.7000e+01	71	17571746	251478
gcG/gcC	0.0000e+00	2868	695433080	251496
gcG/gcC	1.0000e+00	1179	285324941	251496
gcG/gcC	2.0000e+00	500	120430090	251492
gcG/gcC	3.0000e+00	245	59467255	251496
gcG/gcC	4.0000e+00	140	34061373	251494
gcG/gcC	5.0000e+00	79	19021346	251466
gcG/gcC	6.0000e+00	64	15469885	251478
gcG/gcC	7.0000e+00	34	8212903	251488
gcG/gcC	8.0000e+00	23	5543225	251490
gcG/gcC	9.0000e+00	25	6046018	251426
gcG/gcC	1.0000e+01	23	5581169	251492
gcG/gcC	1.1000e+01	13	3083682	251152
gcG/gcC	1.2000e+01	11	2679144	251360
gcG/gcC	1.3000e+01	2	501634	251392
gcG/gcC	1.4000e+01	6	1504078	251434
gcG/gcC	1.5000e+01	13	3137576	251072
gcG/gcC	1.6000e+01	12	2975580	251418
gcG/gcC	1.7000e+01	21	5171562	251464
gcG/gcT	0.0000e+00	3938	955849972	251496
gcG/gcT	1.0000e+00	1687	408511854	251496
gcG/gcT	2.0000e+00	690	167299461	251494
gcG/gcT	3.0000e+00	346	84023975	251494
gcG/gcT	4.0000e+00	168	40873805	251494
gcG/gcT	5.0000e+00	99	23976628	251486
gcG/gcT	6.0000e+00	77	18867172	251490
gcG/gcT	7.0000e+00	47	11436559	251472
gcG/gcT	8.0000e+00	44	10824124	251490
gcG/gcT	9.0000e+00	21	5180184	251466
gcG/gcT	1.0000e+01	15	3631956	251460
gcG/gcT	1.1000e+01	4	981136	251422
gcG/gcT	1.2000e+01	12	2918730	251430
gcG/gcT	1.3000e+01	5	1233264	251416
gcG/gcT	1.4000e+01	6	1484192	251414
gcG/gcT	1.5000e+01	7	1659678	251450
gcG/gcT	1.6000e+01	9	2252474	251380
gcG/gcT	1.7000e+01	8	2003458	251490
gcT/gcA	0.0000e+00	3052	751677721	251496
gcT/gcA	1.0000e+00	936	230461228	251496
gcT/gcA	2.0000e+00	379	93060486	251494
gcT/gcA	3.0000e+00	204	50122897	251494
gcT/gcA	4.0000e+00	85	20782699	251496
gcT/gcA	5.0000e+00	57	13918878	251488
gcT/gcA	6.0000e+00	44	10868104	251496
gcT/gcA	7.0000e+00	28	6986584	251496
gcT/gcA	8.0000e+00	19	4630353	251486
gcT/gcA	9.0000e+00	15	3693042	251480
gcT/gcA	1.0000e+01	12	2893934	251448
gcT/gcA	1.1000e+01	4	985540	251430
gcT/gcA	1.2000e+01	5	1247486	251342
gcT/gcA	1.3000e+01	6	1482132	251136
gcT/gcA	1.4000e+01	3	700596	251236
gcT/gcA	1.5000e+01	3	674880	232536
gcT/gcA	1.6000e+01	8	1972714	251402
gcT/gcA	1.7000e+01	9	2214126	251204
gcT/gcC	0.0000e+00	11786	2901201699	251496
gcT/gcC	1.0000e+00	4031	990684194	251496
gcT/gcC	2.0000e+00	1734	426188931	251496
gcT/gcC	3.0000e+00	825	202971031	251494
gcT/gcC	4.0000e+00	440	108085985	251496
gcT/gcC	5.0000e+00	285	70078166	251496
gcT/gcC	6.0000e+00	195	47793980	251494
gcT/gcC	7.0000e+00	129	31705517	251492
gcT/gcC	8.0000e+00	101	24950568	251492
gcT/gcC	9.0000e+00	72	17832884	251496
gcT/gcC	1.0000e+01	45	11012396	251478
gcT/gcC	1.1000e+01	49	11807729	251480
gcT/gcC	1.2000e+01	34	8344295	251482
gcT/gcC	1.3000e+01	29	7190188	251492
gcT/gcC	1.4000e+01	39	9441889	251454
gcT/gcC	1.5000e+01	45	11194624	251472
gcT/gcC	1.6000e+01	76	18433693	251436
gcT/gcC	1.7000e+01	120	29578752	251468
gcT/gcG	0.0000e+00	3606	888388471	251496
gcT/gcG	1.0000e+00	1083	265674900	251496
gcT/gcG	2.0000e+00	453	111500891	251494
gcT/gcG	3.0000e+00	233	57021651	251492
gcT/gcG	4.0000e+00	132	32408451	251494
gcT/gcG	5.0000e+00	69	17033548	251490
gcT/gcG	6.0000e+00	55	13589746	251486
gcT/gcG	7.0000e+00	37	9204062	251494
gcT/gcG	8.0000e+00	30	7426414	251482
gcT/gcG	9.0000e+00	16	3866152	251492
gcT/gcG	1.0000e+01	14	3423653	251484
gcT/gcG	1.1000e+01	10	2398772	251474
gcT/gcG	1.2000e+01	4	992672	251472
gcT/gcG	1.3000e+01	9	2234112	251324
gcT/gcG	1.4000e+01	5	1239920	251224
gcT/gcG	1.5000e+01	11	2673122	251476
gcT/gcG	1.6000e+01	15	3659580	251440
gcT/gcG	1.7000e+01	16	3986844	251470
ggA/ggC	0.0000e+00	2898	714051936	251496
ggA/ggC	1.0000e+00	949	233894244	251496
ggA/ggC	2.0000e+00	366	90430484	251494
ggA/ggC	3.0000e+00	211	52299506	251494
ggA/ggC	4.0000e+00	118	29002401	251486
ggA/ggC	5.0000e+00	86	21056011	251490
ggA/ggC	6.0000e+00	51	12478299	251488
ggA/ggC	7.0000e+00	41	10090121	251484
ggA/ggC	8.0000e+00	32	7890122	251494
ggA/ggC	9.0000e+00	23	5567062	251490
ggA/ggC	1.0000e+01	12	2903798	251494
ggA/ggC	1.1000e+01	8	1925180	251476
ggA/ggC	1.2000e+01	7	1732728	251464
ggA/ggC	1.3000e+01	9	2161384	251428
ggA/ggC	1.4000e+01	6	1449938	248780
ggA/ggC	1.5000e+01	11	2665830	251194
ggA/ggC	1.6000e+01	10	2398990	251418
ggA/ggC	1.7000e+01	17	4181498	251486
ggA/ggG	0.0000e+00	8262	2034417471	251496
ggA/ggG	1.0000e+00	2948	725474350	251496
ggA/ggG	2.0000e+00	1301	319969782	251496
ggA/ggG	3.0000e+00	670	164412967	251496
ggA/ggG	4.0000e+00	392	96042726	251496
ggA/ggG	5.0000e+00	240	59008996	251492
ggA/ggG	6.0000e+00	164	40082365	251496
ggA/ggG	7.0000e+00	142	34809145	251494
ggA/ggG	8.0000e+00	98	23926032	251490
ggA/ggG	9.0000e+00	69	17044874	251492
ggA/ggG	1.0000e+01	51	12536644	251486
ggA/ggG	1.1000e+01	40	9492971	251444
ggA/ggG	1.2000e+01	13	3121530	251464
ggA/ggG	1.3000e+01	14	3430990	251376
ggA/ggG	1.4000e+01	14	3438239	251258
ggA/ggG	1.5000e+01	17	4154484	251482
ggA/ggG	1.6000e+01	39	9452008	251480
ggA/ggG	1.7000e+01	50	12354499	251476
ggA/ggT	0.0000e+00	3470	853013043	251496
ggA/ggT	1.0000e+00	1107	271491484	251496
ggA/ggT	2.0000e+00	492	121361148	251494
ggA/ggT	3.0000e+00	234	57701486	251492
ggA/ggT	4.0000e+00	121	29427343	251494
ggA/ggT	5.0000e+00	73	18016842	251472
ggA/ggT	6.0000e+00	47	11441180	251488
ggA/ggT	7.0000e+00	30	7465476	251496
ggA/ggT	8.0000e+00	33	8185770	251486
ggA/ggT	9.0000e+00	21	5172198	251486
ggA/ggT	1.0000e+01	9	2259348	251494
ggA/ggT	1.1000e+01	7	1757026	251458
ggA/ggT	1.2000e+01	3	752952	251474
ggA/ggT	1.3000e+01	4	959844	251376
ggA/ggT	1.4000e+01	4	957714	251428
ggA/ggT	1.5000e+01	4	1004350	251396
ggA/ggT	1.6000e+01	7	1659258	251222
ggA/ggT	1.7000e+01	8	1953100	251408
ggC/ggA	0.0000e+00	7182	1756440252	251496
ggC/ggA	1.0000e+00	2768	674028731	251496
ggC/ggA	2.0000e+00	1084	264391300	251496
ggC/ggA	3.0000e+00	531	129466030	251496
ggC/ggA	4.0000e+00	287	69970124	251494
ggC/ggA	5.0000e+00	168	41073122	251490
ggC/ggA	6.0000e+00	114	27725558	251494
ggC/ggA	7.0000e+00	85	20468462	251494
ggC/ggA	8.0000e+00	70	17047853	251480
ggC/ggA	9.0000e+00	51	12356858	251466
ggC/ggA	1.0000e+01	25	6229170	251444
ggC/ggA	1.1000e+01	20	4900234	251466
ggC/ggA	1.2000e+01	10	2484438	251446
ggC/ggA	1.3000e+01	7	1723300	251226
ggC/ggA	1.4000e+01	7	1731280	251488
ggC/ggA	1.5000e+01	18	4388972	251428
ggC/ggA	1.6000e+01	14	3492086	251488
ggC/ggA	1.7000e+01	14	3501982	251456
ggC/ggG	0.0000e+00	5463	1337038178	251496
ggC/ggG	1.0000e+00	1888	461090116	251496
ggC/ggG	2.0000e+00	797	194599766	251496
ggC/ggG	3.0000e+00	365	89267850	251494
ggC/ggG	4.0000e+00	248	60118486	251490
ggC/ggG	5.0000e+00	144	34862707	251490
ggC/ggG	6.0000e+00	109	26546392	251488
ggC/ggG	7.0000e+00	81	19683588	251488
ggC/ggG	8.0000e+00	52	12387713	251480
ggC/ggG	9.0000e+00	37	9092730	251474
ggC/ggG	1.0000e+01	27	6565362	251492
ggC/ggG	1.1000e+01	19	4560038	251492
ggC/ggG	1.2000e+01	13	3142170	251390
ggC/ggG	1.3000e+01	9	2165898	251422
ggC/ggG	1.4000e+01	5	1244374	251238
ggC/ggG	1.5000e+01	12	2954370	251378
ggC/ggG	1.6000e+01	17	4113586	251464
ggC/ggG	1.7000e+01	11	2694004	251496
ggC/ggT	0.0000e+00	18840	4604138357	251496
ggC/ggT	1.0000e+00	10278	2506308930	251496
ggC/ggT	2.0000e+00	6857	1675950587	251496
ggC/ggT	3.0000e+00	4027	986658101	251496
ggC/ggT	4.0000e+00	2237	547438970	251496
ggC/ggT	5.0000e+00	1285	314090736	251496
ggC/ggT	6.0000e+00	790	192659203	251496
ggC/ggT	7.0000e+00	556	135979421	251496
ggC/ggT	8.0000e+00	391	95846516	251494
ggC/ggT	9.0000e+00	301	73672740	251492
ggC/ggT	1.0000e+01	184	44820962	251496
ggC/ggT	1.1000e+01	118	29030800	251490
ggC/ggT	1.2000e+01	65	16007256	251494
ggC/ggT	1.3000e+01	67	16349683	251492
ggC/ggT	1.4000e+01	68	16786010	251466
ggC/ggT	1.5000e+01	66	16091128	251472
ggC/ggT	1.6000e+01	66	16122110	251446
ggC/ggT	1.7000e+01	35	8612487	251460
ggG/ggA	0.0000e+00	16605	4066613031	251496
ggG/ggA	1.0000e+00	7068	1730842129	251496
ggG/ggA	2.0000e+00	3014	737779666	251496
ggG/ggA	3.0000e+00	1607	393240326	251496
ggG/ggA	4.0000e+00	877	214887564	251496
ggG/ggA	5.0000e+00	512	125222282	251494
ggG/ggA	6.0000e+00	333	81857252	251494
ggG/ggA	7.0000e+00	266	65081747	251492
ggG/ggA	8.0000e+00	228	55815753	251492
ggG/ggA	9.0000e+00	119	29182475	251492
ggG/ggA	1.0000e+01	109	26533253	251492
ggG/ggA	1.1000e+01	68	16595449	251484
ggG/ggA	1.2000e+01	44	10770507	251470
ggG/ggA	1.3000e+01	36	8842582	251488
ggG/ggA	1.4000e+01	33	8091612	251482
ggG/ggA	1.5000e+01	37	9012335	251478
ggG/ggA	1.6000e+01	38	9335358	251470
ggG/ggA	1.7000e+01	22	5383432	251224
ggG/ggC	0.0000e+00	5290	1296979462	251496
ggG/ggC	1.0000e+00	1703	416501870	251496
ggG/ggC	2.0000e+00	771	189076370	251496
ggG/ggC	3.0000e+00	395	97115703	251496
ggG/ggC	4.0000e+00	210	51484500	251496
ggG/ggC	5.0000e+00	143	34949271	251494
ggG/ggC	6.0000e+00	86	21112050	251494
ggG/ggC	7.0000e+00	61	14667059	251468
ggG/ggC	8.0000e+00	40	9511118	251420
ggG/ggC	9.0000e+00	25	6140128	251468
ggG/ggC	1.0000e+01	14	3451166	251378
ggG/ggC	1.1000e+01	18	4396436	251448
ggG/ggC	1.2000e+01	8	1940232	251420
ggG/ggC	1.3000e+01	8	1898146	251422
ggG/ggC	1.4000e+01	8	1939354	251404
ggG/ggC	1.5000e+01	12	2961300	251356
ggG/ggC	1.6000e+01	10	2442348	251478
ggG/ggC	1.7000e+01	16	3918632	251416
ggG/ggT	0.0000e+00	7288	1788247355	251496
ggG/ggT	1.0000e+00	2809	687561872	251496
ggG/ggT	2.0000e+00	1113	273662292	251496
ggG/ggT	3.0000e+00	506	123291325	251496
ggG/ggT	4.0000e+00	311	76361409	251494
ggG/ggT	5.0000e+00	176	43265064	251492
ggG/ggT	6.0000e+00	113	27013367	251496
ggG/ggT	7.0000e+00	83	19969841	251486
ggG/ggT	8.0000e+00	67	16573618	251482
ggG/ggT	9.0000e+00	36	8899520	251494
ggG/ggT	1.0000e+01	26	6420297	251474
ggG/ggT	1.1000e+01	19	4640092	251458
ggG/ggT	1.2000e+01	14	3450886	251492
ggG/ggT	1.3000e+01	6	1462054	251402
ggG/ggT	1.4000e+01	8	1894402	251354
ggG/ggT	1.5000e+01	14	3354046	251412
ggG/ggT	1.6000e+01	13	3172836	251404
ggG/ggT	1.7000e+01	8	1935142	251340
ggT/ggA	0.0000e+00	1637	402800646	251496
ggT/ggA	1.0000e+00	529	129921492	251496
ggT/ggA	2.0000e+00	209	51582837	251494
ggT/ggA	3.0000e+00	120	29286168	251486
ggT/ggA	4.0000e+00	54	13239377	251492
ggT/ggA	5.0000e+00	38	9296203	251488
ggT/ggA	6.0000e+00	25	6046398	251456
ggT/ggA	7.0000e+00	16	3769254	251480
ggT/ggA	8.0000e+00	11	2676006	251488
ggT/ggA	9.0000e+00	8	1953216	251378
ggT/ggA	1.0000e+01	5	1197468	251156
ggT/ggA	1.1000e+01	3	683077	251394
ggT/ggA	1.2000e+01	5	1210318	251408
ggT/ggA	1.3000e+01	5	1169922	251452
ggT/ggA	1.4000e+01	4	1001822	251470
ggT/ggA	1.5000e+01	6	1379950	250996
ggT/ggA	1.6000e+01	2	487212	251216
ggT/ggA	1.7000e+01	8	1990544	251292
ggT/ggC	0.0000e+00	5035	1237040639	251496
ggT/ggC	1.0000e+00	1802	442392827	251496
ggT/ggC	2.0000e+00	838	206614946	251496
ggT/ggC	3.0000e+00	386	94873046	251496
ggT/ggC	4.0000e+00	229	56004097	251492
ggT/ggC	5.0000e+00	137	33540333	251496
ggT/ggC	6.0000e+00	86	21073456	251488
ggT/ggC	7.0000e+00	63	15386845	251486
ggT/ggC	8.0000e+00	58	14262210	251492
ggT/ggC	9.0000e+00	43	10703944	251490
ggT/ggC	1.0000e+01	40	9649513	251460
ggT/ggC	1.1000e+01	18	4364627	251480
ggT/ggC	1.2000e+01	20	4920790	251466
ggT/ggC	1.3000e+01	18	4466594	251400
ggT/ggC	1.4000e+01	28	6807913	251474
ggT/ggC	1.5000e+01	29	6963873	251486
ggT/ggC	1.6000e+01	52	12794152	251450
ggT/ggC	1.7000e+01	86	21234595	251464
ggT/ggG	0.0000e+00	2122	521887594	251496
ggT/ggG	1.0000e+00	795	195731158	251496
ggT/ggG	2.0000e+00	378	92800926	251496
ggT/ggG	3.0000e+00	220	53757745	251492
ggT/ggG	4.0000e+00	184	44984269	251494
ggT/ggG	5.0000e+00	127	30746735	251492
ggT/ggG	6.0000e+00	99	24188467	251484
ggT/ggG	7.0000e+00	103	24710638	251456
ggT/ggG	8.0000e+00	68	16355465	251486
ggT/ggG	9.0000e+00	44	10713751	251432
ggT/ggG	1.0000e+01	51	12146574	250900
ggT/ggG	1.1000e+01	23	5296886	251472
ggT/ggG	1.2000e+01	12	2721896	239402
ggT/ggG	1.3000e+01	13	2970646	249098
ggT/ggG	1.4000e+01	10	2243418	251104
ggT/ggG	1.5000e+01	14	3365842	251486
ggT/ggG	1.6000e+01	5	1233762	251398
ggT/ggG	1.7000e+01	11	2664780	251178
gtA/gtC	0.0000e+00	1064	261262688	251496
gtA/gtC	1.0000e+00	310	76415657	251494
gtA/gtC	2.0000e+00	146	36092547	251494
gtA/gtC	3.0000e+00	91	22520608	251486
gtA/gtC	4.0000e+00	45	11051524	251486
gtA/gtC	5.0000e+00	23	5651114	251494
gtA/gtC	6.0000e+00	17	4119811	251496
gtA/gtC	7.0000e+00	13	3207606	251468
gtA/gtC	8.0000e+00	10	2476466	251458
gtA/gtC	9.0000e+00	11	2668048	251400
gtA/gtC	1.0000e+01	3	750168	251332
gtA/gtC	1.1000e+01	7	1738920	251470
gtA/gtC	1.2000e+01	3	722484	251304
gtA/gtC	1.3000e+01	3	753808	251380
gtA/gtC	1.4000e+01	3	753010	251302
gtA/gtC	1.5000e+01	6	1486956	250940
gtA/gtC	1.6000e+01	7	1708270	251452
gtA/gtC	1.7000e+01	7	1734264	251426
gtA/gtG	0.0000e+00	6688	1643868024	251496
gtA/gtG	1.0000e+00	2834	698213188	251496
gtA/gtG	2.0000e+00	1186	291548604	251496
gtA/gtG	3.0000e+00	557	137299025	251496
gtA/gtG	4.0000e+00	337	83100969	251494
gtA/gtG	5.0000e+00	175	43015000	251496
gtA/gtG	6.0000e+00	125	30596014	251494
gtA/gtG	7.0000e+00	106	25681358	251490
gtA/gtG	8.0000e+00	81	19847847	251474
gtA/gtG	9.0000e+00	51	12558053	251480
gtA/gtG	1.0000e+01	35	8664806	251490
gtA/gtG	1.1000e+01	27	6714630	251468
gtA/gtG	1.2000e+01	18	4449022	251486
gtA/gtG	1.3000e+01	16	3901734	251468
gtA/gtG	1.4000e+01	19	4629344	251412
gtA/gtG	1.5000e+01	30	7389686	251476
gtA/gtG	1.6000e+01	48	11675237	251450
gtA/gtG	1.7000e+01	43	10619055	251482
gtA/gtT	0.0000e+00	1238	304900754	251496
gtA/gtT	1.0000e+00	385	94589003	251496
gtA/gtT	2.0000e+00	163	40214080	251494
gtA/gtT	3.0000e+00	86	21155719	251494
gtA/gtT	4.0000e+00	58	14441752	251480
gtA/gtT	5.0000e+00	27	6733152	251492
gtA/gtT	6.0000e+00	21	5023834	251452
gtA/gtT	7.0000e+00	16	3968828	251420
gtA/gtT	8.0000e+00	8	1983458	251250
gtA/gtT	9.0000e+00	2	498816	251358
gtA/gtT	1.0000e+01	7	1748768	251484
gtA/gtT	1.2000e+01	3	753422	251452
gtA/gtT	1.3000e+01	3	753794	251448
gtA/gtT	1.4000e+01	2	499480	250820
gtA/gtT	1.6000e+01	4	909623	251240
gtA/gtT	1.7000e+01	11	2679006	251436
gtC/gtA	0.0000e+00	3873	953241429	251496
gtC/gtA	1.0000e+00	1361	333378097	251496
gtC/gtA	2.0000e+00	546	134067168	251496
gtC/gtA	3.0000e+00	272	66505489	251496
gtC/gtA	4.0000e+00	158	38678559	251494
gtC/gtA	5.0000e+00	84	20800288	251480
gtC/gtA	6.0000e+00	53	13094091	251496
gtC/gtA	7.0000e+00	37	9075513	251486
gtC/gtA	8.0000e+00	31	7596073	251482
gtC/gtA	9.0000e+00	22	5459828	251492
gtC/gtA	1.0000e+01	14	3458314	251428
gtC/gtA	1.1000e+01	8	1985460	251490
gtC/gtA	1.2000e+01	4	989530	251470
gtC/gtA	1.3000e+01	11	2651005	251468
gtC/gtA	1.4000e+01	5	1133742	250790
gtC/gtA	1.5000e+01	5	1243844	251454
gtC/gtA	1.6000e+01	3	753510	251410
gtC/gtA	1.7000e+01	6	1436734	251372
gtC/gtG	0.0000e+00	5693	1402235327	251496
gtC/gtG	1.0000e+00	1914	471154783	251496
gtC/gtG	2.0000e+00	865	212877980	251496
gtC/gtG	3.0000e+00	408	100544539	251496
gtC/gtG	4.0000e+00	266	65538797	251496
gtC/gtG	5.0000e+00	133	32836374	251496
gtC/gtG	6.0000e+00	94	23034374	251484
gtC/gtG	7.0000e+00	51	12635196	251494
gtC/gtG	8.0000e+00	51	12592806	251490
gtC/gtG	9.0000e+00	25	6116232	251488
gtC/gtG	1.0000e+01	26	6418074	251490
gtC/gtG	1.1000e+01	17	4080261	251480
gtC/gtG	1.2000e+01	13	3155204	251464
gtC/gtG	1.3000e+01	10	2453330	251434
gtC/gtG	1.4000e+01	14	3428830	251260
gtC/gtG	1.5000e+01	14	3366365	251488
gtC/gtG	1.6000e+01	11	2669752	250302
gtC/gtG	1.7000e+01	12	2951310	251494
gtC/gtT	0.0000e+00	11751	2891210022	251496
gtC/gtT	1.0000e+00	6005	1475502280	251496
gtC/gtT	2.0000e+00	3660	901559853	251496
gtC/gtT	3.0000e+00	2139	527545561	251496
gtC/gtT	4.0000e+00	1115	274290999	251496
gtC/gtT	5.0000e+00	608	148535593	251496
gtC/gtT	6.0000e+00	371	91855569	251494
gtC/gtT	7.0000e+00	262	64406451	251494
gtC/gtT	8.0000e+00	208	51390861	251496
gtC/gtT	9.0000e+00	140	34575046	251494
gtC/gtT	1.0000e+01	89	21973866	251494
gtC/gtT	1.1000e+01	61	15006857	251496
gtC/gtT	1.2000e+01	44	10902698	251496
gtC/gtT	1.3000e+01	35	8728758	251490
gtC/gtT	1.4000e+01	32	7914164	251492
gtC/gtT	1.5000e+01	42	10261809	251456
gtC/gtT	1.6000e+01	36	8847981	251420
gtC/gtT	1.7000e+01	15	3727930	251462
gtG/gtA	0.0000e+00	24110	5927243852	251496
gtG/gtA	1.0000e+00	9553	2350933109	251496
gtG/gtA	2.0000e+00	4131	1015738250	251496
gtG/gtA	3.0000e+00	1939	475741880	251496
gtG/gtA	4.0000e+00	1075	264358834	251496
gtG/gtA	5.0000e+00	665	163803130	251496
gtG/gtA	6.0000e+00	437	107481410	251494
gtG/gtA	7.0000e+00	329	81028595	251488
gtG/gtA	8.0000e+00	205	50487867	251494
gtG/gtA	9.0000e+00	184	45255336	251496
gtG/gtA	1.0000e+01	119	29449771	251492
gtG/gtA	1.1000e+01	84	20683556	251486
gtG/gtA	1.2000e+01	53	13051995	251494
gtG/gtA	1.3000e+01	40	9758379	251482
gtG/gtA	1.4000e+01	35	8514424	251466
gtG/gtA	1.5000e+01	45	11124856	251474
gtG/gtA	1.6000e+01	50	12281643	251452
gtG/gtA	1.7000e+01	35	8589188	251458
gtG/gtC	0.0000e+00	5432	1336650624	251496
gtG/gtC	1.0000e+00	1784	438299931	251496
gtG/gtC	2.0000e+00	774	190115277	251494
gtG/gtC	3.0000e+00	384	94347383	251496
gtG/gtC	4.0000e+00	239	58669097	251494
gtG/gtC	5.0000e+00	119	29104183	251492
gtG/gtC	6.0000e+00	110	27063938	251492
gtG/gtC	7.0000e+00	73	18064686	251476
gtG/gtC	8.0000e+00	51	12514829	251460
gtG/gtC	9.0000e+00	42	10320592	251456
gtG/gtC	1.0000e+01	22	5208740	251466
gtG/gtC	1.1000e+01	12	2924294	251490
gtG/gtC	1.2000e+01	17	4143809	251482
gtG/gtC	1.3000e+01	16	3984706	251476
gtG/gtC	1.4000e+01	9	2235304	251420
gtG/gtC	1.5000e+01	13	3228648	251444
gtG/gtC	1.6000e+01	13	3112753	251414
gtG/gtC	1.7000e+01	15	3716558	251448
gtG/gtT	0.0000e+00	6568	1617087479	251496
gtG/gtT	1.0000e+00	2270	557200916	251496
gtG/gtT	2.0000e+00	944	231633500	251496
gtG/gtT	3.0000e+00	504	123994151	251496
gtG/gtT	4.0000e+00	251	61679406	251496
gtG/gtT	5.0000e+00	128	31274108	251494
gtG/gtT	6.0000e+00	82	20175367	251490
gtG/gtT	7.0000e+00	74	18124103	251488
gtG/gtT	8.0000e+00	39	9580836	251480
gtG/gtT	9.0000e+00	37	9155896	251486
gtG/gtT	1.0000e+01	29	7075736	251484
gtG/gtT	1.1000e+01	21	5181344	251482
gtG/gtT	1.2000e+01	8	1926714	251294
gtG/gtT	1.3000e+01	18	4466762	251470
gtG/gtT	1.4000e+01	9	2163585	251354
gtG/gtT	1.5000e+01	8	1890960	251286
gtG/gtT	1.6000e+01	9	2197214	251044
gtG/gtT	1.7000e+01	7	1734616	251454
gtT/gtA	0.0000e+00	1439	354663616	251496
gtT/gtA	1.0000e+00	424	104022404	251496
gtT/gtA	2.0000e+00	162	39639784	251496
gtT/gtA	3.0000e+00	81	20079106	251482
gtT/gtA	4.0000e+00	41	10155296	251494
gtT/gtA	5.0000e+00	29	7222226	251434
gtT/gtA	6.0000e+00	17	4203526	251450
gtT/gtA	7.0000e+00	9	2158292	251478
gtT/gtA	8.0000e+00	11	2632858	251170
gtT/gtA	9.0000e+00	6	1498100	251366
gtT/gtA	1.0000e+01	3	736162	249072
gtT/gtA	1.1000e+01	3	751356	250958
gtT/gtA	1.2000e+01	4	1003580	251454
gtT/gtA	1.3000e+01	3	745878	251492
gtT/gtA	1.5000e+01	2	478352	251444
gtT/gtA	1.6000e+01	4	998906	251466
gtT/gtA	1.7000e+01	3	748164	250070
gtT/gtC	0.0000e+00	3766	928357688	251496
gtT/gtC	1.0000e+00	1296	319366551	251496
gtT/gtC	2.0000e+00	556	136725350	251496
gtT/gtC	3.0000e+00	284	70398746	251496
gtT/gtC	4.0000e+00	168	41528544	251490
gtT/gtC	5.0000e+00	82	20094641	251496
gtT/gtC	6.0000e+00	56	13733561	251494
gtT/gtC	7.0000e+00	59	14508348	251488
gtT/gtC	8.0000e+00	31	7634369	251494
gtT/gtC	9.0000e+00	22	5428182	251438
gtT/gtC	1.0000e+01	16	3995494	251494
gtT/gtC	1.1000e+01	14	3352130	251450
gtT/gtC	1.2000e+01	14	3499306	251428
gtT/gtC	1.3000e+01	9	2257606	251392
gtT/gtC	1.4000e+01	10	2503850	251476
gtT/gtC	1.5000e+01	16	3896956	251486
gtT/gtC	1.6000e+01	24	5928906	251404
gtT/gtC	1.7000e+01	40	9883156	251484
gtT/gtG	0.0000e+00	2168	533922156	251496
gtT/gtG	1.0000e+00	690	170557298	251496
gtT/gtG	2.0000e+00	284	70199763	251496
gtT/gtG	3.0000e+00	139	34121028	251494
gtT/gtG	4.0000e+00	71	17410001	251496
gtT/gtG	5.0000e+00	44	10931853	251496
gtT/gtG	6.0000e+00	33	8206066	251490
gtT/gtG	7.0000e+00	31	7664451	251492
gtT/gtG	8.0000e+00	19	4692920	251494
gtT/gtG	9.0000e+00	10	2455840	251450
gtT/gtG	1.0000e+01	6	1485150	251472
gtT/gtG	1.1000e+01	4	1003474	251482
gtT/gtG	1.2000e+01	7	1675034	251460
gtT/gtG	1.3000e+01	6	1507930	251492
gtT/gtG	1.4000e+01	2	500292	251384
gtT/gtG	1.5000e+01	8	1972864	251088
gtT/gtG	1.6000e+01	10	2489526	251424
gtT/gtG	1.7000e+01	10	2419113	251206
taC/taT	0.0000e+00	16871	4149081938	251496
taC/taT	1.0000e+00	9595	2357298233	251496
taC/taT	2.0000e+00	6695	1649299555	251496
taC/taT	3.0000e+00	4361	1074829926	251496
taC/taT	4.0000e+00	2520	622882297	251496
taC/taT	5.0000e+00	1374	338595769	251496
taC/taT	6.0000e+00	830	204993495	251496
taC/taT	7.0000e+00	573	141175948	251496
taC/taT	8.0000e+00	404	99484090	251496
taC/taT	9.0000e+00	283	69845415	251496
taC/taT	1.0000e+01	211	52017643	251494
taC/taT	1.1000e+01	141	34787235	251486
taC/taT	1.2000e+01	86	21204452	251484
taC/taT	1.3000e+01	66	16194706	251490
taC/taT	1.4000e+01	76	18608385	251484
taC/taT	1.5000e+01	104	25615614	251472
taC/taT	1.6000e+01	102	25084275	251436
taC/taT	1.7000e+01	63	15579698	251470
taT/taC	0.0000e+00	13561	3338382767	251496
taT/taC	1.0000e+00	6573	1619315788	251496
taT/taC	2.0000e+00	3123	769728929	251496
taT/taC	3.0000e+00	1556	382536687	251496
taT/taC	4.0000e+00	832	204810913	251496
taT/taC	5.0000e+00	485	119791647	251496
taT/taC	6.0000e+00	324	79687425	251496
taT/taC	7.0000e+00	236	58232704	251494
taT/taC	8.0000e+00	172	42440654	251494
taT/taC	9.0000e+00	128	31659757	251494
taT/taC	1.0000e+01	93	23016412	251492
taT/taC	1.1000e+01	68	16764132	251482
taT/taC	1.2000e+01	31	7586636	251486
taT/taC	1.3000e+01	47	11505264	251468
taT/taC	1.4000e+01	50	12183009	251448
taT/taC	1.5000e+01	52	12600877	251488
taT/taC	1.6000e+01	63	15664214	251446
taT/taC	1.7000e+01	93	22990404	251484
tcA/tcC	0.0000e+00	3609	887620734	251496
tcA/tcC	1.0000e+00	1185	291608385	251494
tcA/tcC	2.0000e+00	488	119657378	251496
tcA/tcC	3.0000e+00	252	62005068	251496
tcA/tcC	4.0000e+00	132	32545467	251488
tcA/tcC	5.0000e+00	85	21034078	251494
tcA/tcC	6.0000e+00	66	16216331	251478
tcA/tcC	7.0000e+00	55	13464013	251466
tcA/tcC	8.0000e+00	32	7754220	251490
tcA/tcC	9.0000e+00	34	8214561	251484
tcA/tcC	1.0000e+01	15	3630762	251430
tcA/tcC	1.1000e+01	15	3653920	251420
tcA/tcC	1.2000e+01	6	1434709	251318
tcA/tcC	1.3000e+01	12	2797472	251470
tcA/tcC	1.4000e+01	9	2084434	251266
tcA/tcC	1.5000e+01	9	2194822	251314
tcA/tcC	1.6000e+01	11	2710424	251386
tcA/tcC	1.7000e+01	4	1001958	251300
tcA/tcG	0.0000e+00	10024	2465253494	251496
tcA/tcG	1.0000e+00	3982	979956455	251496
tcA/tcG	2.0000e+00	1732	427184084	251496
tcA/tcG	3.0000e+00	851	209680274	251496
tcA/tcG	4.0000e+00	486	119844748	251496
tcA/tcG	5.0000e+00	280	69115499	251494
tcA/tcG	6.0000e+00	179	44232849	251492
tcA/tcG	7.0000e+00	159	39084707	251494
tcA/tcG	8.0000e+00	120	29382581	251490
tcA/tcG	9.0000e+00	88	21676694	251496
tcA/tcG	1.0000e+01	61	14858153	251488
tcA/tcG	1.1000e+01	39	9462505	251494
tcA/tcG	1.2000e+01	24	5907112	251428
tcA/tcG	1.3000e+01	29	7225344	251476
tcA/tcG	1.4000e+01	34	8248339	251472
tcA/tcG	1.5000e+01	31	7486984	251414
tcA/tcG	1.6000e+01	61	14868900	251434
tcA/tcG	1.7000e+01	97	23798236	251492
tcA/tcT	0.0000e+00	2564	630741012	251496
tcA/tcT	1.0000e+00	816	201690882	251496
tcA/tcT	2.0000e+00	329	81417371	251496
tcA/tcT	3.0000e+00	177	43495942	251492
tcA/tcT	4.0000e+00	93	22873626	251494
tcA/tcT	5.0000e+00	52	12824971	251496
tcA/tcT	6.0000e+00	49	12041057	251472
tcA/tcT	7.0000e+00	25	6188144	251486
tcA/tcT	8.0000e+00	20	4935026	251484
tcA/tcT	9.0000e+00	21	5140511	251490
tcA/tcT	1.0000e+01	10	2486876	251428
tcA/tcT	1.1000e+01	3	651394	251086
tcA/tcT	1.2000e+01	8	1921470	251418
tcA/tcT	1.3000e+01	4	970282	251194
tcA/tcT	1.4000e+01	1	251202	251202
tcA/tcT	1.5000e+01	4	952538	249880
tcA/tcT	1.6000e+01	6	1476112	251454
tcA/tcT	1.7000e+01	5	1249342	251476
tcC/tcA	0.0000e+00	3648	895367383	251496
tcC/tcA	1.0000e+00	1306	319961526	251496
tcC/tcA	2.0000e+00	535	130708376	251494
tcC/tcA	3.0000e+00	275	67491919	251486
tcC/tcA	4.0000e+00	161	39323437	251492
tcC/tcA	5.0000e+00	87	21288626	251496
tcC/tcA	6.0000e+00	63	15541428	251482
tcC/tcA	7.0000e+00	45	10927993	251480
tcC/tcA	8.0000e+00	38	9250037	251476
tcC/tcA	9.0000e+00	12	2933427	251474
tcC/tcA	1.0000e+01	12	2915417	251448
tcC/tcA	1.1000e+01	15	3682510	251480
tcC/tcA	1.2000e+01	9	2221092	251424
tcC/tcA	1.3000e+01	9	2165674	251254
tcC/tcA	1.4000e+01	5	1197792	249040
tcC/tcA	1.5000e+01	5	1211550	251438
tcC/tcA	1.6000e+01	6	1493198	251360
tcC/tcA	1.7000e+01	8	2003594	251442
tcC/tcG	0.0000e+00	5578	1369940928	251496
tcC/tcG	1.0000e+00	1893	463949651	251496
tcC/tcG	2.0000e+00	836	205399389	251496
tcC/tcG	3.0000e+00	397	97739862	251496
tcC/tcG	4.0000e+00	222	54276922	251492
tcC/tcG	5.0000e+00	125	30478102	251492
tcC/tcG	6.0000e+00	82	20257503	251494
tcC/tcG	7.0000e+00	66	16342655	251488
tcC/tcG	8.0000e+00	53	12845912	251490
tcC/tcG	9.0000e+00	38	9162174	251494
tcC/tcG	1.0000e+01	28	6919298	251474
tcC/tcG	1.1000e+01	12	2939534	251478
tcC/tcG	1.2000e+01	9	2231806	251432
tcC/tcG	1.3000e+01	13	3224980	251466
tcC/tcG	1.4000e+01	9	2143032	251294
tcC/tcG	1.5000e+01	12	2956592	251450
tcC/tcG	1.6000e+01	11	2710068	251400
tcC/tcG	1.7000e+01	15	3685988	251448
tcC/tcT	0.0000e+00	17063	4182813511	251496
tcC/tcT	1.0000e+00	9062	2220917703	251496
tcC/tcT	2.0000e+00	5774	1416431164	251496
tcC/tcT	3.0000e+00	3797	932450924	251496
tcC/tcT	4.0000e+00	2109	517605258	251496
tcC/tcT	5.0000e+00	1191	293366346	251496
tcC/tcT	6.0000e+00	726	178593178	251496
tcC/tcT	7.0000e+00	526	129069164	251496
tcC/tcT	8.0000e+00	358	87777754	251494
tcC/tcT	9.0000e+00	292	71820366	251496
tcC/tcT	1.0000e+01	200	49126790	251496
tcC/tcT	1.1000e+01	129	31839322	251480
tcC/tcT	1.2000e+01	81	19834837	251488
tcC/tcT	1.3000e+01	63	15385901	251496
tcC/tcT	1.4000e+01	80	19616153	251462
tcC/tcT	1.5000e+01	64	15667770	251458
tcC/tcT	1.6000e+01	71	17254505	251480
tcC/tcT	1.7000e+01	42	10407526	251474
tcG/tcA	0.0000e+00	4359	1055176623	251496
tcG/tcA	1.0000e+00	6380	1558395982	251496
tcG/tcA	2.0000e+00	6976	1711078000	251496
tcG/tcA	3.0000e+00	4811	1182428003	251496
tcG/tcA	4.0000e+00	2600	639049999	251496
tcG/tcA	5.0000e+00	1347	331121628	251496
tcG/tcA	6.0000e+00	869	213195621	251492
tcG/tcA	7.0000e+00	555	136544923	251496
tcG/tcA	8.0000e+00	412	101451306	251490
tcG/tcA	9.0000e+00	276	67389470	251496
tcG/tcA	1.0000e+01	219	53090611	251494
tcG/tcA	1.1000e+01	102	25122316	251490
tcG/tcA	1.2000e+01	101	24479915	251482
tcG/tcA	1.3000e+01	80	19474609	251492
tcG/tcA	1.4000e+01	72	17774166	251490
tcG/tcA	1.5000e+01	79	19389842	251474
tcG/tcA	1.6000e+01	86	21154750	251470
tcG/tcA	1.7000e+01	57	14065939	251472
tcG/tcC	0.0000e+00	3129	763168916	251496
tcG/tcC	1.0000e+00	1244	302769896	251496
tcG/tcC	2.0000e+00	573	140132298	251496
tcG/tcC	3.0000e+00	296	71959831	251494
tcG/tcC	4.0000e+00	170	41293234	251492
tcG/tcC	5.0000e+00	95	23028931	251476
tcG/tcC	6.0000e+00	72	17465016	251490
tcG/tcC	7.0000e+00	71	17218898	251440
tcG/tcC	8.0000e+00	41	9803218	251494
tcG/tcC	9.0000e+00	20	4860065	251488
tcG/tcC	1.0000e+01	19	4674580	251488
tcG/tcC	1.1000e+01	12	2920898	251372
tcG/tcC	1.2000e+01	10	2428386	251450
tcG/tcC	1.3000e+01	8	1982484	250996
tcG/tcC	1.4000e+01	7	1738838	251444
tcG/tcC	1.5000e+01	6	1459388	251356
tcG/tcC	1.6000e+01	14	3396346	251446
tcG/tcC	1.7000e+01	10	2458664	251404
tcG/tcT	0.0000e+00	2891	706821208	251496
tcG/tcT	1.0000e+00	1314	319816536	251494
tcG/tcT	2.0000e+00	482	117617769	251494
tcG/tcT	3.0000e+00	289	70754270	251494
tcG/tcT	4.0000e+00	135	32929514	251488
tcG/tcT	5.0000e+00	81	19829457	251494
tcG/tcT	6.0000e+00	49	11784553	251482
tcG/tcT	7.0000e+00	47	11598712	251494
tcG/tcT	8.0000e+00	34	8283759	251488
tcG/tcT	9.0000e+00	15	3659072	251462
tcG/tcT	1.0000e+01	18	4400548	251404
tcG/tcT	1.1000e+01	8	1959828	251444
tcG/tcT	1.2000e+01	5	1157685	251426
tcG/tcT	1.3000e+01	5	1193454	251216
tcG/tcT	1.4000e+01	5	1245364	250718
tcG/tcT	1.5000e+01	6	1492886	251056
tcG/tcT	1.6000e+01	8	2002590	251462
tcG/tcT	1.7000e+01	5	1249842	251424
tcT/tcA	0.0000e+00	2084	513732251	251496
tcT/tcA	1.0000e+00	652	160383223	251496
tcT/tcA	2.0000e+00	295	72761595	251496
tcT/tcA	3.0000e+00	135	33467904	251490
tcT/tcA	4.0000e+00	86	21170056	251486
tcT/tcA	5.0000e+00	44	10845741	251484
tcT/tcA	6.0000e+00	27	6727096	251486
tcT/tcA	7.0000e+00	17	4157483	251474
tcT/tcA	8.0000e+00	15	3750084	251456
tcT/tcA	9.0000e+00	13	3185574	251492
tcT/tcA	1.0000e+01	4	994028	251482
tcT/tcA	1.1000e+01	8	1958324	251336
tcT/tcA	1.2000e+01	2	500210	251190
tcT/tcA	1.3000e+01	2	501134	251360
tcT/tcA	1.4000e+01	1	251102	251102
tcT/tcA	1.5000e+01	1	251290	251290
tcT/tcA	1.6000e+01	3	742278	251212
tcT/tcA	1.7000e+01	5	1235152	251334
tcT/tcC	0.0000e+00	9200	2267908108	251496
tcT/tcC	1.0000e+00	3298	811571203	251496
tcT/tcC	2.0000e+00	1404	345485105	251496
tcT/tcC	3.0000e+00	687	168854172	251496
tcT/tcC	4.0000e+00	344	84703347	251496
tcT/tcC	5.0000e+00	229	56495870	251492
tcT/tcC	6.0000e+00	147	35925719	251486
tcT/tcC	7.0000e+00	114	27753645	251490
tcT/tcC	8.0000e+00	93	22794554	251492
tcT/tcC	9.0000e+00	62	15236045	251484
tcT/tcC	1.0000e+01	38	9236250	251482
tcT/tcC	1.1000e+01	38	9231135	251490
tcT/tcC	1.2000e+01	31	7528991	251490
tcT/tcC	1.3000e+01	12	3007150	251472
tcT/tcC	1.4000e+01	30	7354140	251472
tcT/tcC	1.5000e+01	29	7173421	251406
tcT/tcC	1.6000e+01	55	13441240	251470
tcT/tcC	1.7000e+01	72	17842754	251462
tcT/tcG	0.0000e+00	3222	793209023	251496
tcT/tcG	1.0000e+00	1089	268396569	251496
tcT/tcG	2.0000e+00	410	101024928	251496
tcT/tcG	3.0000e+00	250	61578303	251490
tcT/tcG	4.0000e+00	123	30271121	251486
tcT/tcG	5.0000e+00	82	20278994	251492
tcT/tcG	6.0000e+00	50	12280252	251476
tcT/tcG	7.0000e+00	37	9139957	251464
tcT/tcG	8.0000e+00	17	4200032	251494
tcT/tcG	9.0000e+00	18	4491484	251486
tcT/tcG	1.0000e+01	17	4164914	251440
tcT/tcG	1.1000e+01	9	2237718	251454
tcT/tcG	1.2000e+01	6	1479516	251394
tcT/tcG	1.3000e+01	5	1208130	251346
tcT/tcG	1.4000e+01	3	754110	251478
tcT/tcG	1.5000e+01	12	2953914	251390
tcT/tcG	1.6000e+01	8	1997068	251434
tcT/tcG	1.7000e+01	11	2746254	251470
tgC/tgT	0.0000e+00	11467	2813149397	251496
tgC/tgT	1.0000e+00	6229	1525917912	251496
tgC/tgT	2.0000e+00	4108	1007612540	251496
tgC/tgT	3.0000e+00	2488	610806869	251496
tgC/tgT	4.0000e+00	1451	356559607	251496
tgC/tgT	5.0000e+00	796	195304830	251494
tgC/tgT	6.0000e+00	483	118120747	251496
tgC/tgT	7.0000e+00	368	90639397	251492
tgC/tgT	8.0000e+00	274	67038464	251492
tgC/tgT	9.0000e+00	178	43782969	251494
tgC/tgT	1.0000e+01	130	32029166	251488
tgC/tgT	1.1000e+01	70	17000810	251482
tgC/tgT	1.2000e+01	56	13856232	251470
tgC/tgT	1.3000e+01	52	12847666	251476
tgC/tgT	1.4000e+01	56	13657309	251480
tgC/tgT	1.5000e+01	45	10974232	251434
tgC/tgT	1.6000e+01	55	13277724	251448
tgC/tgT	1.7000e+01	31	7580072	251474
tgT/tgC	0.0000e+00	6216	1533356708	251496
tgT/tgC	1.0000e+00	2292	564993405	251496
tgT/tgC	2.0000e+00	958	236102216	251496
tgT/tgC	3.0000e+00	451	111359966	251496
tgT/tgC	4.0000e+00	257	63506652	251496
tgT/tgC	5.0000e+00	167	40970932	251494
tgT/tgC	6.0000e+00	99	24135121	251480
tgT/tgC	7.0000e+00	64	15791038	251482
tgT/tgC	8.0000e+00	73	17823313	251492
tgT/tgC	9.0000e+00	42	10415070	251494
tgT/tgC	1.0000e+01	38	9327488	251488
tgT/tgC	1.1000e+01	28	6843034	251494
tgT/tgC	1.2000e+01	15	3635792	251446
tgT/tgC	1.3000e+01	21	5135105	251478
tgT/tgC	1.4000e+01	21	5151754	251474
tgT/tgC	1.5000e+01	22	5479274	251476
tgT/tgC	1.6000e+01	28	6791385	251412
tgT/tgC	1.7000e+01	54	13226058	251486
ttA/ttG	0.0000e+00	5603	1379045726	251496
ttA/ttG	1.0000e+00	2083	511768997	251496
ttA/ttG	2.0000e+00	839	206619563	251496
ttA/ttG	3.0000e+00	391	96339129	251494
ttA/ttG	4.0000e+00	237	58159048	251496
ttA/ttG	5.0000e+00	157	38540004	251486
ttA/ttG	6.0000e+00	86	21312027	251496
ttA/ttG	7.0000e+00	60	14739343	251478
ttA/ttG	8.0000e+00	55	13640320	251488
ttA/ttG	9.0000e+00	45	10996684	251488
ttA/ttG	1.0000e+01	30	7293432	251448
ttA/ttG	1.1000e+01	13	3242390	251414
ttA/ttG	1.2000e+01	12	2962672	251404
ttA/ttG	1.3000e+01	8	1947680	251324
ttA/ttG	1.4000e+01	12	2922424	251460
ttA/ttG	1.5000e+01	13	3191078	251474
ttA/ttG	1.6000e+01	18	4440432	251470
ttA/ttG	1.7000e+01	20	4932630	251456
ttC/ttT	0.0000e+00	17209	4227919350	251496
ttC/ttT	1.0000e+00	9045	2220586657	251496
ttC/ttT	2.0000e+00	6010	1478421978	251496
ttC/ttT	3.0000e+00	3523	866175404	251496
ttC/ttT	4.0000e+00	1941	477002256	251496
ttC/ttT	5.0000e+00	1075	264444557	251496
ttC/ttT	6.0000e+00	657	161362384	251496
ttC/ttT	7.0000e+00	486	119739147	251496
ttC/ttT	8.0000e+00	348	85891512	251496
ttC/ttT	9.0000e+00	245	60350071	251496
ttC/ttT	1.0000e+01	180	44299750	251496
ttC/ttT	1.1000e+01	106	26160802	251492
ttC/ttT	1.2000e+01	68	16823671	251496
ttC/ttT	1.3000e+01	68	16797942	251494
ttC/ttT	1.4000e+01	64	15889646	251492
ttC/ttT	1.5000e+01	65	16026795	251476
ttC/ttT	1.6000e+01	83	20497492	251466
ttC/ttT	1.7000e+01	36	8826729	251482
ttG/ttA	0.0000e+00	9454	2327452586	251496
ttG/ttA	1.0000e+00	3511	864385906	251496
ttG/ttA	2.0000e+00	1447	356111786	251496
ttG/ttA	3.0000e+00	818	200851070	251496
ttG/ttA	4.0000e+00	420	103574103	251492
ttG/ttA	5.0000e+00	242	59649703	251490
ttG/ttA	6.0000e+00	149	36903698	251496
ttG/ttA	7.0000e+00	122	30198609	251488
ttG/ttA	8.0000e+00	84	20803837	251480
ttG/ttA	9.0000e+00	68	16728828	251486
ttG/ttA	1.0000e+01	38	9337522	251486
ttG/ttA	1.1000e+01	31	7500972	251482
ttG/ttA	1.2000e+01	26	6402630	251484
ttG/ttA	1.3000e+01	22	5259781	251376
ttG/ttA	1.4000e+01	8	1943858	251430
ttG/ttA	1.5000e+01	20	4939700	251488
ttG/ttA	1.6000e+01	19	4578663	251418
ttG/ttA	1.7000e+01	14	3423822	251454
ttT/ttC	0.0000e+00	9381	2311977634	251496
ttT/ttC	1.0000e+00	3520	867793377	251496
ttT/ttC	2.0000e+00	1524	375639800	251496
ttT/ttC	3.0000e+00	726	178313368	251496
ttT/ttC	4.0000e+00	480	117933686	251494
ttT/ttC	5.0000e+00	278	68379225	251496
ttT/ttC	6.0000e+00	187	46277146	251494
ttT/ttC	7.0000e+00	136	33339330	251496
ttT/ttC	8.0000e+00	98	24018147	251494
ttT/ttC	9.0000e+00	66	16283319	251496
ttT/ttC	1.0000e+01	46	11465698	251488
ttT/ttC	1.1000e+01	34	8392265	251474
ttT/ttC	1.2000e+01	26	6466774	251496
ttT/ttC	1.3000e+01	29	7216902	251490
ttT/ttC	1.4000e+01	22	5388132	251474
ttT/ttC	1.5000e+01	46	11301382	251416
ttT/ttC	1.6000e+01	46	11258582	251462
ttT/ttC	1.7000e+01	73	18030956	251494
